row_id,text,label
sst5_base_0001,schrader examines crane 's decline with unblinking candor .,good
sst5_base_0002,reno himself can take credit for most of the movie 's success .,good
sst5_base_0003,"a sensitive , moving , brilliantly constructed work .",great
sst5_base_0004,it 's a frankenstein-monster of a film that does n't know what it wants to be .,bad
sst5_base_0005,"she 's all-powerful , a voice for a pop-cyber culture that feeds on her bjorkness .",good
sst5_base_0006,"the 70-year-old godard has become , to judge from in praise of love , the sort of bitter old crank who sits behind his light meter and harangues the supposed injustices of the artistic world-at-large without doing all that much to correct them .",okay
sst5_base_0007,"all right , so it 's not a brilliant piece of filmmaking , but it is a funny -lrb- sometimes hilarious -rrb- comedy with a deft sense of humor about itself , a playful spirit and a game cast .",good
sst5_base_0008,"using an endearing cast , writer\/director dover kosashvili takes a slightly dark look at relationships , both sexual and kindred .",good
sst5_base_0009,a poky and pseudo-serious exercise in sham actor workshops and an affected malaise .,terrible
sst5_base_0010,the movie is about as deep as that sentiment .,bad
sst5_base_0011,pumpkin struts about with `` courage '' pinned to its huckster lapel while a yellow streak a mile wide decorates its back .,okay
sst5_base_0012,"davis is funny , charming and quirky in her feature film acting debut as amy .",good
sst5_base_0013,` snow dogs ' has both .,okay
sst5_base_0014,"it 's a hellish , numbing experience to watch , and it does n't offer any insights that have n't been thoroughly debated in the media already , back in the dahmer heyday of the mid - '90s .",bad
sst5_base_0015,"fessenden has nurtured his metaphors at the expense of his narrative , but he does display an original talent .",good
sst5_base_0016,"as is often the case with ambitious , eager first-time filmmakers , mr. murray , a prolific director of music videos , stuffs his debut with more plot than it can comfortably hold .",bad
sst5_base_0017,"this rush to profits has created a predictably efficient piece of business notable largely for its overwhelming creepiness , for an eagerness to create images you wish you had n't seen , which , in this day and age , is of course the point .",good
sst5_base_0018,"the gifted crudup has the perfect face to play a handsome blank yearning to find himself , and his cipherlike personality and bad behavior would play fine if the movie knew what to do with him .",bad
sst5_base_0019,"peralta captures , in luminous interviews and amazingly evocative film from three decades ago , the essence of the dogtown experience .",great
sst5_base_0020,a forceful drama of an alienated executive who re-invents himself .,good
sst5_base_0021,"such master screenwriting comes courtesy of john pogue , the yale grad who previously gave us `` the skulls '' and last year 's `` rollerball . ''",great
sst5_base_0022,"it takes a really long , slow and dreary time to dope out what tuck everlasting is about .",bad
sst5_base_0023,"some fine acting , but ultimately a movie with no reason for being .",bad
sst5_base_0024,"even when it drags , we are forced to reflect that its visual imagination is breathtaking",good
sst5_base_0025,"high crimes knows the mistakes that bad movies make and is determined not to make them , and maybe that is nobility of a sort .",okay
sst5_base_0026,"smart , sassy interpretation of the oscar wilde play .",great
sst5_base_0027,steers refreshingly clear of the usual cliches .,good
sst5_base_0028,"madonna has made herself over so often now , there 's apparently nothing left to work with , sort of like michael jackson 's nose .",terrible
sst5_base_0029,exhilarating but blatantly biased .,good
sst5_base_0030,she boxes these women 's souls right open for us .,good
sst5_base_0031,bland but harmless .,bad
sst5_base_0032,in a word : no. .,okay
sst5_base_0033,viva le resistance !,good
sst5_base_0034,a surprisingly ` solid ' achievement by director malcolm d. lee and writer john ridley .,good
sst5_base_0035,the milieu is wholly unconvincing ... and the histrionics reach a truly annoying pitch .,bad
sst5_base_0036,... a thoughtful what-if for the heart as well as the mind .,great
sst5_base_0037,"quaid is utterly fearless as the tortured husband living a painful lie , and moore wonderfully underplays the long-suffering heroine with an unflappable '50s dignity somewhere between jane wyman and june cleaver .",good
sst5_base_0038,a fascinating glimpse into an insular world that gives the lie to many clichés and showcases a group of dedicated artists .,great
sst5_base_0039,brought to life on the big screen .,good
sst5_base_0040,"it may be a no-brainer , but at least it 's a funny no-brainer .",good
sst5_base_0041,"a compelling yarn , but not quite a ripping one .",good
sst5_base_0042,it 's such a mechanical endeavor -lrb- that -rrb- it never bothers to question why somebody might devote time to see it .,bad
sst5_base_0043,-lrb- seems -rrb- even more uselessly redundant and shamelessly money-grubbing than most third-rate horror sequels .,bad
sst5_base_0044,"laced with liberal doses of dark humor , gorgeous exterior photography , and a stable-full of solid performances , no such thing is a fascinating little tale .",great
sst5_base_0045,"in its understanding , often funny way , it tells a story whose restatement is validated by the changing composition of the nation .",good
sst5_base_0046,"schnieder bounces around with limp wrists , wearing tight tummy tops and hip huggers , twirling his hair on his finger and assuming that 's enough to sustain laughs ...",bad
sst5_base_0047,"a delightful surprise because despite all the backstage drama , this is a movie that tells stories that work -- is charming , is moving , is funny and looks professional .",great
sst5_base_0048,"dark and disturbing , yet compelling to watch .",okay
sst5_base_0049,ultimately this is a frustrating patchwork : an uneasy marriage of louis begley 's source novel -lrb- about schmidt -rrb- and an old payne screenplay .,bad
sst5_base_0050,"cold , sterile and lacking any color or warmth .",terrible
sst5_base_0051,"most fish stories are a little peculiar , but this is one that should be thrown back in the river .",bad
sst5_base_0052,the rollerball sequences feel sanitised and stagey .,bad
sst5_base_0053,it 's not so much a movie as a joint promotion for the national basketball association and teenaged rap and adolescent poster-boy lil ' bow wow .,bad
sst5_base_0054,"... best seen as speculative history , as much an exploration of the paranoid impulse as a creative sequel to the warren report .",okay
sst5_base_0055,"apart from anything else , this is one of the best-sustained ideas i have ever seen on the screen .",great
sst5_base_0056,"wilco fans will have a great time , and the movie should win the band a few new converts , too .",good
sst5_base_0057,"and there 's an element of heartbreak to watching it now , with older and wiser eyes , because we know what will happen after greene 's story ends .",good
sst5_base_0058,the gentle comic treatment of adolescent sturm und drang should please fans of chris fuhrman 's posthumously published cult novel .,good
sst5_base_0059,"... an eerily suspenseful , deeply absorbing piece that works as a treatise on spirituality as well as a solid sci-fi thriller .",great
sst5_base_0060,a movie that sends you out of the theater feeling like you 've actually spent time living in another community .,good
sst5_base_0061,it is one more celluloid testimonial to the cruelties experienced by southern blacks as distilled through a caucasian perspective .,okay
sst5_base_0062,it 's as if a bored cage spent the duration of the film 's shooting schedule waiting to scream : `` got aids yet ? '',terrible
sst5_base_0063,"a deftly entertaining film , smartly played and smartly directed .",great
sst5_base_0064,` opening up ' the play more has partly closed it down .,bad
sst5_base_0065,"aside from rohmer 's bold choices regarding point of view , the lady and the duke represents the filmmaker 's lifelong concern with formalist experimentation in cinematic art .",good
sst5_base_0066,"an inept , tedious spoof of '70s kung fu pictures , it contains almost enough chuckles for a three-minute sketch , and no more .",terrible
sst5_base_0067,the movie is undone by a filmmaking methodology that 's just experimental enough to alienate the mainstream audience while ringing cliched to hardened indie-heads .,bad
sst5_base_0068,i 'm giving it thumbs down due to the endlessly repetitive scenes of embarrassment .,bad
sst5_base_0069,catch it ... if you can !,good
sst5_base_0070,a gift to anyone who loves both dance and cinema,good
sst5_base_0071,neither a rousing success nor a blinding embarrassment .,okay
sst5_base_0072,"in imax in short , it 's just as wonderful on the big screen .",great
sst5_base_0073,"although the subject matter may still be too close to recent national events , the film works - mostly due to its superior cast of characters .",good
sst5_base_0074,what starts off as a potentially incredibly twisting mystery becomes simply a monster chase film .,bad
sst5_base_0075,"mostly works because of the universal themes , earnest performances ... and excellent use of music by india 's popular gulzar and jagjit singh .",great
sst5_base_0076,this is one of those rare docs that paints a grand picture of an era and makes the journey feel like a party .,good
sst5_base_0077,thoroughly enjoyable .,good
sst5_base_0078,"a wry , affectionate delight .",great
sst5_base_0079,the imax screen enhances the personal touch of manual animation .,great
sst5_base_0080,represents the depths to which the girls-behaving-badly film has fallen .,bad
sst5_base_0081,upper west sidey exercise in narcissism and self-congratulation disguised as a tribute .,bad
sst5_base_0082,"since dahmer resorts to standard slasher flick thrills when it should be most in the mind of the killer , it misses a major opportunity to be truly revelatory about his psyche .",bad
sst5_base_0083,barely .,okay
sst5_base_0084,"in many ways , reminiscent of 1992 's unforgiven which also utilized the scintillating force of its actors to draw out the menace of its sparse dialogue .",okay
sst5_base_0085,compellingly watchable .,great
sst5_base_0086,"the first mistake , i suspect , is casting shatner as a legendary professor and kunis as a brilliant college student -- where 's pauly shore as the rocket scientist ?",bad
sst5_base_0087,the rare movie that 's as crisp and to the point as the novel on which it 's based .,great
sst5_base_0088,"trouble every day is a success in some sense , but it 's hard to like a film so cold and dead .",bad
sst5_base_0089,"so we got ten little indians meets friday the 13th by way of clean and sober , filmed on the set of carpenter 's the thing and loaded with actors you 're most likely to find on the next inevitable incarnation of the love boat .",bad
sst5_base_0090,"i think it was plato who said , ' i think , therefore i know better than to rush to the theatre for this one . '",bad
sst5_base_0091,what ` blade runner ' would 've looked like as a low-budget series on a uhf channel .,bad
sst5_base_0092,the plot meanders from gripping to plodding and back .,okay
sst5_base_0093,"all three descriptions suit evelyn , a besotted and obvious drama that tells us nothing new .",bad
sst5_base_0094,a well-acted movie that simply does n't gel .,okay
sst5_base_0095,"the film gets close to the chimps the same way goodall did , with a serious minded patience , respect and affection .",good
sst5_base_0096,the pianist lacks the quick emotional connections of steven spielberg 's schindler 's list .,okay
sst5_base_0097,"explosions , jokes , and sexual innuendoes abound .",okay
sst5_base_0098,"every so often a film comes along that is so insanely stupid , so awful in so many ways that watching it leaves you giddy .",bad
sst5_base_0099,ya-yas everywhere will forgive the flaws and love the film .,good
sst5_base_0100,"from its nauseating spinning credits sequence to a very talented but underutilized supporting cast , bartleby squanders as much as it gives out .",bad
sst5_base_0101,... salaciously simplistic .,okay
sst5_base_0102,"-lrb- n -rrb- o matter how much good will the actors generate , showtime eventually folds under its own thinness .",terrible
sst5_base_0103,"star trek was kind of terrific once , but now it is a copy of a copy of a copy .",bad
sst5_base_0104,"a pint-sized ` goodfellas ' designed to appeal to the younger set , it 's not a very good movie in any objective sense , but it does mostly hold one 's interest .",okay
sst5_base_0105,you should pay nine bucks for this : because you can hear about suffering afghan refugees on the news and still be unaffected .,okay
sst5_base_0106,may seriously impair your ability to ever again maintain a straight face while speaking to a highway patrolman .,okay
sst5_base_0107,"ub equally spoofs and celebrates the more outre aspects of ` black culture ' and the dorkier aspects of ` white culture , ' even as it points out how inseparable the two are .",good
sst5_base_0108,brady achieves the remarkable feat of squandering a topnotch foursome of actors ... by shoving them into every clichéd white-trash situation imaginable .,okay
sst5_base_0109,... del toro maintains a dark mood that makes the film seem like something to endure instead of enjoy .,bad
sst5_base_0110,the most amazing super-sized dosage of goofball stunts any `` jackass '' fan could want .,great
sst5_base_0111,"drama of temptation , salvation and good intentions is a thoughtful examination of faith , love and power .",good
sst5_base_0112,"with the cheesiest monsters this side of a horror spoof , which they is n't , it is more likely to induce sleep than fright .",terrible
sst5_base_0113,jaglom offers the none-too-original premise that everyone involved with moviemaking is a con artist and a liar .,bad
sst5_base_0114,"quitting , however , manages just to be depressing , as the lead actor phones in his autobiographical performance .",bad
sst5_base_0115,"as underwater ghost stories go , below casts its spooky net out into the atlantic ocean and spits it back , grizzled and charred , somewhere northwest of the bermuda triangle .",bad
sst5_base_0116,"one of those rare films that seems as though it was written for no one , but somehow manages to convince almost everyone that it was put on the screen , just for them .",great
sst5_base_0117,... a rather bland affair .,bad
sst5_base_0118,this overproduced piece of dreck is shockingly bad and absolutely unnecessary .,terrible
sst5_base_0119,there is simply not enough of interest onscreen to sustain its seventy-minute running time .,bad
sst5_base_0120,"imagine the cleanflicks version of ` love story , ' with ali macgraw 's profanities replaced by romance-novel platitudes .",bad
sst5_base_0121,"this film is an act of spiritual faith -- an eloquent , deeply felt meditation on the nature of compassion .",good
sst5_base_0122,consider the film a celluloid litmus test for the intellectual and emotional pedigree of your date and a giant step backward for a director i admire .,bad
sst5_base_0123,i could n't recommend this film more .,good
sst5_base_0124,"woo has as much right to make a huge action sequence as any director , but how long will filmmakers copy the `` saving private ryan '' battle scenes before realizing steven spielberg got it right the first time ?",bad
sst5_base_0125,"if you 're in the right b-movie frame of mind , it may just scare the pants off you .",good
sst5_base_0126,"a fascinating examination of the joyous , turbulent self-discovery made by a proper , middle-aged woman .",good
sst5_base_0127,just like igby .,okay
sst5_base_0128,"helmer hudlin tries to make a hip comedy , but his dependence on slapstick defeats the possibility of creating a more darkly edged tome .",bad
sst5_base_0129,"spectacularly beautiful , not to mention mysterious , sensual , emotionally intense , and replete with virtuoso throat-singing .",great
sst5_base_0130,an uneasy mix of run-of-the-mill raunchy humor and seemingly sincere personal reflection .,bad
sst5_base_0131,"in trying to be daring and original , it comes off as only occasionally satirical and never fresh .",okay
sst5_base_0132,the master of disguise falls under the category of ` should have been a sketch on saturday night live . ',bad
sst5_base_0133,"leave it to the french to truly capture the terrifying angst of the modern working man without turning the film into a cheap thriller , a dumb comedy or a sappy melodrama .",great
sst5_base_0134,a lovely film for the holiday season .,good
sst5_base_0135,worth a look as a curiosity .,good
sst5_base_0136,"the film never rises above a conventional , two dimension tale",bad
sst5_base_0137,"it 's a bizarre curiosity memorable mainly for the way it fritters away its potentially interesting subject matter via a banal script , unimpressive acting and indifferent direction .",okay
sst5_base_0138,piccoli gives a superb performance full of deep feeling .,great
sst5_base_0139,"and more than that , it 's an observant , unfussily poetic meditation about identity and alienation .",good
sst5_base_0140,"resident evil is n't a product of its cinematic predecessors so much as an mtv , sugar hysteria , and playstation cocktail .",bad
sst5_base_0141,the characters never change .,bad
sst5_base_0142,"victor rosa is leguizamo 's best movie work so far , a subtle and richly internalized performance .",great
sst5_base_0143,the soundtrack alone is worth the price of admission .,great
sst5_base_0144,it was a dark and stormy night ...,okay
sst5_base_0145,about schmidt is undoubtedly one of the finest films of the year .,great
sst5_base_0146,visually striking and viscerally repellent .,good
sst5_base_0147,"woody , what happened ?",bad
sst5_base_0148,"unfortunately , it 's also not very good .",terrible
sst5_base_0149,you ... get a sense of good intentions derailed by a failure to seek and strike just the right tone .,bad
sst5_base_0150,"tambor and clayburgh make an appealing couple -- he 's understated and sardonic , she 's appealingly manic and energetic .",good
sst5_base_0151,is it really an advantage to invest such subtlety and warmth in an animatronic bear when the humans are acting like puppets ?,bad
sst5_base_0152,"although no pastry is violated , this nasty comedy pokes fun at the same easy targets as other rowdy raunch-fests -- farts , boobs , unmentionables -- without much success .",bad
sst5_base_0153,the magic -lrb- and original running time -rrb- of ace japanimator hayao miyazaki 's spirited away survives intact in bv 's re-voiced version .,good
sst5_base_0154,"the movie strains to stay on the light , comic side of the issue , despite the difficulty of doing so when dealing with the destruction of property and , potentially , of life itself .",okay
sst5_base_0155,"with `` ichi the killer '' , takashi miike , japan 's wildest filmmaker gives us a crime fighter carrying more emotional baggage than batman ...",bad
sst5_base_0156,"as warm as it is wise , deftly setting off uproarious humor with an underlying seriousness that sneaks up on the viewer , providing an experience that is richer than anticipated .",great
sst5_base_0157,"we started to wonder if ... some unpaid intern had just typed ` chris rock , ' ` anthony hopkins ' and ` terrorists ' into some univac-like script machine .",terrible
sst5_base_0158,"allegiance to chekhov , which director michael cacoyannis displays with somber earnestness in the new adaptation of the cherry orchard , is a particularly vexing handicap .",bad
sst5_base_0159,"there 's no question that epps scores once or twice , but it 's telling that his funniest moment comes when he falls about ten feet onto his head .",okay
sst5_base_0160,the laughs are as rare as snake foo yung .,bad
sst5_base_0161,unfortunately the story and the actors are served with a hack script .,bad
sst5_base_0162,mention `` solaris '' five years from now and i 'm sure those who saw it will have an opinion to share .,good
sst5_base_0163,"more than simply a portrait of early extreme sports , this peek into the 1970s skateboard revolution is a skateboard film as social anthropology ...",okay
sst5_base_0164,`` sum '' is jack ryan 's `` do-over . '',okay
sst5_base_0165,"and your reward will be a thoughtful , emotional movie experience .",great
sst5_base_0166,a lot more dimensional and complex than its sunny disposition would lead you to believe .,good
sst5_base_0167,"demonstrates the unusual power of thoughtful , subjective filmmaking .",great
sst5_base_0168,"it 's hard to quibble with a flick boasting this many genuine cackles , but notorious c.h.o. still feels like a promising work-in-progress .",good
sst5_base_0169,"i could just feel the screenwriter at every moment ` tap , tap , tap , tap , tapping away ' on this screenplay .",bad
sst5_base_0170,"the off-center humor is a constant , and the ensemble gives it a buoyant delivery .",good
sst5_base_0171,nothing too deep or substantial .,bad
sst5_base_0172,a must-see for fans of thoughtful war films and those interested in the sights and sounds of battle .,great
sst5_base_0173,`` the best disney movie since the lion king '',great
sst5_base_0174,"thirteen conversations about one thing lays out a narrative puzzle that interweaves individual stories , and , like a mobius strip , elliptically loops back to where it began .",good
sst5_base_0175,"really is a pan-american movie , with moments of genuine insight into the urban heart .",good
sst5_base_0176,the filmmakers needed more emphasis on the storytelling and less on the glamorous machine that thrusts the audience into a future they wo n't much care about .,bad
sst5_base_0177,"sadly , though many of the actors throw off a spark or two when they first appear , they ca n't generate enough heat in this cold vacuum of a comedy to start a reaction .",bad
sst5_base_0178,it 's all pretty tame .,okay
sst5_base_0179,"but be warned , you too may feel time has decided to stand still .",okay
sst5_base_0180,truly terrible .,terrible
sst5_base_0181,"very amusing , not the usual route in a thriller , and the performances are odd and pixilated and sometimes both .",good
sst5_base_0182,"the inevitable double - and triple-crosses arise , but the only drama is in waiting to hear how john malkovich 's reedy consigliere will pronounce his next line .",okay
sst5_base_0183,an unorthodox little film noir organized crime story that includes one of the strangest love stories you will ever see .,good
sst5_base_0184,"captures that perverse element of the kafkaesque where identity , overnight , is robbed and replaced with a persecuted `` other . ''",good
sst5_base_0185,"nicolas cage is n't the first actor to lead a group of talented friends astray , and this movie wo n't create a ruffle in what is already an erratic career .",bad
sst5_base_0186,this slender plot feels especially thin stretched over the nearly 80-minute running time .,bad
sst5_base_0187,"judd 's characters ought to pick up the durable best seller smart women , foolish choices for advice .",bad
sst5_base_0188,the santa clause 2 proves itself a more streamlined and thought out encounter than the original could ever have hoped to be .,good
sst5_base_0189,full of surprises .,good
sst5_base_0190,a well-made but emotionally scattered film whose hero gives his heart only to the dog .,okay
sst5_base_0191,"the story plays out slowly , but the characters are intriguing and realistic .",good
sst5_base_0192,or maybe `` how will you feel after an 88-minute rip-off of the rock with action confined to slo-mo gun firing and random glass-shattering ? '',terrible
sst5_base_0193,"what remains is a variant of the nincompoop benigni persona , here a more annoying , though less angry version of the irresponsible sandlerian manchild , undercut by the voice of the star of road trip .",terrible
sst5_base_0194,"yes , spirited away is a triumph of imagination , but it 's also a failure of storytelling .",bad
sst5_base_0195,a not-so-divine secrets of the ya-ya sisterhood with a hefty helping of re-fried green tomatoes .,bad
sst5_base_0196,but toback 's deranged immediacy makes it seem fresh again .,good
sst5_base_0197,a sincere but dramatically conflicted gay coming-of-age tale .,okay
sst5_base_0198,the combination of lightness and strictness in this instance gives italian for beginners an amiable aimlessness that keeps it from seeming predictably formulaic .,okay
sst5_base_0199,"so mind-numbingly awful that you hope britney wo n't do it one more time , as far as movies are concerned .",bad
sst5_base_0200,it 's the brilliant surfing photography bringing you right inside the massive waves that lifts blue crush into one of the summer 's most pleasurable movies .,great
sst5_base_0201,a visual spectacle full of stunning images and effects .,great
sst5_base_0202,more sophisticated and literate than such pictures usually are ... an amusing little catch .,good
sst5_base_0203,"for a film that 's being advertised as a comedy , sweet home alabama is n't as funny as you 'd hoped .",bad
sst5_base_0204,"... a fascinating curiosity piece -- fascinating , that is , for about ten minutes .",bad
sst5_base_0205,noyce creates a film of near-hypnotic physical beauty even as he tells a story as horrifying as any in the heart-breakingly extensive annals of white-on-black racism .,okay
sst5_base_0206,consummate actor barry has done excellent work here .,great
sst5_base_0207,... a trashy little bit of fluff stuffed with enjoyable performances and a bewildering sense of self-importance,okay
sst5_base_0208,will you go ape over this movie ?,okay
sst5_base_0209,"with minimal imagination , you could restage the whole thing in your bathtub .",bad
sst5_base_0210,"the trick when watching godard is to catch the pitch of his poetics , savor the pleasure of his sounds and images , and ponder the historical , philosophical , and ethical issues that intersect with them .",good
sst5_base_0211,"the most brilliant and brutal uk crime film since jack carter went back to newcastle , the first half of gangster no. 1 drips with style and , at times , blood .",great
sst5_base_0212,"the actors pull out all the stops in nearly every scene , but to diminishing effect .",okay
sst5_base_0213,pleasant but not more than recycled jock piffle .,bad
sst5_base_0214,"it 's tough to watch , but it 's a fantastic movie .",great
sst5_base_0215,"-lrb- a -rrb- boldly stroked , luridly coloured , uni-dimensional nonsense machine that strokes the eyeballs while it evaporates like so much crypt mist in the brain .",bad
sst5_base_0216,mike leigh populates his movie with a wonderful ensemble cast of characters that bring the routine day to day struggles of the working class to life,great
sst5_base_0217,demeo is not without talent ; he just needs better material .,okay
sst5_base_0218,"painful , horrifying and oppressively tragic , this film should not be missed .",great
sst5_base_0219,"despite an impressive roster of stars and direction from kathryn bigelow , the weight of water is oppressively heavy .",bad
sst5_base_0220,"an inconsequential , barely there bit of piffle .",bad
sst5_base_0221,"this is pure , exciting moviemaking .",great
sst5_base_0222,"it 's also curious to note that this film , like the similarly ill-timed antitrust , is easily as bad at a fraction the budget .",terrible
sst5_base_0223,"much like its easily dismissive take on the upscale lifestyle , there is n't much there here .",terrible
sst5_base_0224,this film is too busy hitting all of its assigned marks to take on any life of its own .,bad
sst5_base_0225,"unless you come in to the film with a skateboard under your arm , you 're going to feel like you were n't invited to the party .",bad
sst5_base_0226,one of the funnier movies in town .,great
sst5_base_0227,jacquot 's strategy allows his cast the benefit of being able to give full performances ... while demonstrating vividly that the beauty and power of the opera reside primarily in the music itself .,good
sst5_base_0228,"a vile , incoherent mess ... a scummy ripoff of david cronenberg 's brilliant ` videodrome . '",terrible
sst5_base_0229,"while i ca n't say it 's on par with the first one , stuart little 2 is a light , fun cheese puff of a movie .",good
sst5_base_0230,"for those of an indulgent , slightly sunbaked and summery mind , sex and lucia may well prove diverting enough .",good
sst5_base_0231,clooney directs this film always keeping the balance between the fantastic and the believable ...,good
sst5_base_0232,"the asylum material is gripping , as are the scenes of jia with his family .",great
sst5_base_0233,"cacoyannis ' vision is far less mature , interpreting the play as a call for pity and sympathy for anachronistic phantasms haunting the imagined glory of their own pasts .",bad
sst5_base_0234,"a vibrant , colorful , semimusical rendition .",great
sst5_base_0235,"if anything , see it for karen black , who camps up a storm as a fringe feminist conspiracy theorist named dirty dick .",good
sst5_base_0236,brosnan is more feral in this film than i 've seen him before and halle berry does her best to keep up with him .,good
sst5_base_0237,"like vardalos and corbett , who play their roles with vibrant charm , the film , directed by joel zwick , is heartfelt and hilarious in ways you ca n't fake .",great
sst5_base_0238,"van wilder has a built-in audience , but only among those who are drying out from spring break and are still unconcerned about what they ingest .",bad
sst5_base_0239,"the complex , politically charged tapestry of contemporary chinese life this exciting new filmmaker has brought to the screen is like nothing we westerners have seen before .",good
sst5_base_0240,"the first tunisian film i have ever seen , and it 's also probably the most good-hearted yet sensual entertainment i 'm likely to see all year .",great
sst5_base_0241,"far from heaven is a dazzling conceptual feat , but more than that , it 's a work of enthralling drama .",good
sst5_base_0242,"i liked the movie , but i know i would have liked it more if it had just gone that one step further .",good
sst5_base_0243,a compelling french psychological drama examining the encounter of an aloof father and his chilly son after 20 years apart .,good
sst5_base_0244,"a remarkable movie with an unsatisfying ending , which is just the point .",good
sst5_base_0245,"the movie is like a year late for tapping into our reality tv obsession , and even tardier for exploiting the novelty of the `` webcast . ''",bad
sst5_base_0246,"as they used to say in the 1950s sci-fi movies , signs is a tribute to shyamalan 's gifts , which are such that we 'll keep watching the skies for his next project .",good
sst5_base_0247,when the twist endings were actually surprising ?,okay
sst5_base_0248,"the film has a nearly terminal case of the cutes , and it 's neither as funny nor as charming as it thinks it is .",terrible
sst5_base_0249,i 'm not generally a fan of vegetables but this batch is pretty cute .,okay
sst5_base_0250,it is up to you to decide if you need to see it .,okay
sst5_base_0251,"the woodman seems to have directly influenced this girl-meets-girl love story , but even more reassuring is how its makers actually seem to understand what made allen 's romantic comedies so pertinent and enduring .",good
sst5_base_0252,grant is n't cary and bullock is n't katherine .,bad
sst5_base_0253,"unfortunately , a cast of competent performers from movies , television and the theater are cast adrift in various new york city locations with no unifying rhythm or visual style .",bad
sst5_base_0254,"less cinematically powerful than quietly and deeply moving , which is powerful in itself .",okay
sst5_base_0255,"`` frailty '' has been written so well , that even a simple `` goddammit ! ''",good
sst5_base_0256,"faithful without being forceful , sad without being shrill , `` a walk to remember '' succeeds through sincerity .",good
sst5_base_0257,one of those movies that make us pause and think of what we have given up to acquire the fast-paced contemporary society .,good
sst5_base_0258,"even if it is generally amusing from time to time , i spy has all the same problems the majority of action comedies have .",bad
sst5_base_0259,"when it comes to the battle of hollywood vs. woo , it looks like woo 's a p.o.w.",bad
sst5_base_0260,"a boring masquerade ball where normally good actors , even kingsley , are made to look bad .",bad
sst5_base_0261,"funny , somber , absurd , and , finally , achingly sad , bartleby is a fine , understated piece of filmmaking .",great
sst5_base_0262,beautiful to watch and holds a certain charm .,great
sst5_base_0263,"brainy , artistic and muted , almost to the point of suffocation .",okay
sst5_base_0264,"bogdanovich puts history in perspective and , via kirsten dunst 's remarkable performance , he showcases davies as a young woman of great charm , generosity and diplomacy .",good
sst5_base_0265,there 's something not entirely convincing about the quiet american .,okay
sst5_base_0266,crummy .,terrible
sst5_base_0267,"ultimately ... the movie is too heady for children , and too preachy for adults .",bad
sst5_base_0268,"the funny thing is , i did n't mind all this contrived nonsense a bit .",okay
sst5_base_0269,a film without surprise geared toward maximum comfort and familiarity .,bad
sst5_base_0270,"this is an ungainly movie , ill-fitting , with its elbows sticking out where the knees should be .",terrible
sst5_base_0271,"filled with honest performances and exceptional detail , baran is a gentle film with dramatic punch , a haunting ode to humanity .",great
sst5_base_0272,"sparkling , often hilarious romantic jealousy comedy ... attal looks so much like a young robert deniro that it seems the film should instead be called ` my husband is travis bickle ' .",great
sst5_base_0273,"rumor , a muddled drama about coming to terms with death , feels impersonal , almost generic .",bad
sst5_base_0274,"although frailty fits into a classic genre , in its script and execution it is a remarkably original work .",good
sst5_base_0275,"the metaphors are provocative , but too often , the viewer is left puzzled by the mechanics of the delivery .",bad
sst5_base_0276,worth seeing just for weaver and lapaglia .,good
sst5_base_0277,"the script 's snazzy dialogue establishes a realistic atmosphere that involves us in the unfolding crisis , but the lazy plotting ensures that little of our emotional investment pays off .",okay
sst5_base_0278,could n't someone take rob schneider and have him switch bodies with a funny person ?,bad
sst5_base_0279,"`` secretary '' is owned by its costars , spader and gyllenhaal .",okay
sst5_base_0280,"insomnia is one of the year 's best films and pacino gives one of his most daring , and complicated , performances .",great
sst5_base_0281,the only thing scary about feardotcom is that the filmmakers and studio are brazen enough to attempt to pass this stinker off as a scary movie .,terrible
sst5_base_0282,"i 'm sure the filmmakers found this a remarkable and novel concept , but anybody who has ever seen an independent film can report that it is instead a cheap cliché .",terrible
sst5_base_0283,"adam sandler 's heart may be in the right place , but he needs to pull his head out of his butt",bad
sst5_base_0284,... unbearably lame .,terrible
sst5_base_0285,"while it can be a bit repetitive , overall it 's an entertaining and informative documentary .",good
sst5_base_0286,a gushy episode of `` m \* a \* s \* h '' only this time from an asian perspective .,bad
sst5_base_0287,"nevertheless , it still seems endless .",bad
sst5_base_0288,"elaborate special effects take centre screen , so that the human story is pushed to one side .",good
sst5_base_0289,"if you 're as happy listening to movies as you are watching them , and the slow parade of human frailty fascinates you , then you 're at the right film .",good
sst5_base_0290,"while centered on the life experiences of a particular theatrical family , this marvelous documentary touches -- ever so gracefully -- on the entire history of the yiddish theater , both in america and israel .",great
sst5_base_0291,a sentimental mess that never rings true .,terrible
sst5_base_0292,this story of a determined woman 's courage to find her husband in a war zone offers winning performances and some effecting moments .,good
sst5_base_0293,his work transcends the boy-meets-girl posturing of typical love stories .,good
sst5_base_0294,"in that setting , their struggle is simply too ludicrous and borderline insulting .",terrible
sst5_base_0295,the actors try hard but come off too amateurish and awkward .,terrible
sst5_base_0296,"anyone else who may , for whatever reason , be thinking about going to see this movie is hereby given fair warning .",bad
sst5_base_0297,feels more like a rejected x-files episode than a credible account of a puzzling real-life happening .,terrible
sst5_base_0298,this comic gem is as delightful as it is derivative .,great
sst5_base_0299,"humorless , self-conscious art drivel , made without a glimmer of intelligence or invention .",terrible
sst5_base_0300,caine makes us watch as his character awakens to the notion that to be human is eventually to have to choose .,good
sst5_base_0301,"thanks largely to williams , all the interesting developments are processed in 60 minutes -- the rest is just an overexposed waste of film .",terrible
sst5_base_0302,could as easily have been called ` under siege 3 : in alcatraz ' ... a cinematic corpse that never springs to life .,bad
sst5_base_0303,"it 's a wonderful , sobering , heart-felt drama .",great
sst5_base_0304,"unfortunately , there is almost nothing in this flat effort that will amuse or entertain them , either .",bad
sst5_base_0305,a lot of its gags and observations reflect a woman 's point-of-view .,okay
sst5_base_0306,"weighted down with slow , uninvolving storytelling and flat acting .",terrible
sst5_base_0307,"it 's leaden and predictable , and laughs are lacking .",bad
sst5_base_0308,"it 's a smartly directed , grown-up film of ideas .",great
sst5_base_0309,insufferably naive .,bad
sst5_base_0310,"in a summer of clones , harvard man is something rare and riveting : a wild ride that relies on more than special effects .",great
sst5_base_0311,-- was a fad that had long since vanished .,okay
sst5_base_0312,"britney spears ' phoniness is nothing compared to the movie 's contrived , lame screenplay and listless direction .",bad
sst5_base_0313,"seemingly a vehicle to showcase the canadian 's inane ramblings , stealing harvard is a smorgasbord of soliloquies about nothing delivered by the former mr. drew barrymore .",terrible
sst5_base_0314,`` the adventures of pluto nash '' is a big time stinker .,terrible
sst5_base_0315,the lively appeal of the last kiss lies in the ease with which it integrates thoughtfulness and pasta-fagioli comedy .,great
sst5_base_0316,"weirdly , broomfield has compelling new material but he does n't unveil it until the end , after endless scenes of him wheedling reluctant witnesses and pointing his camera through the smeared windshield of his rental car .",bad
sst5_base_0317,there 's a great deal of corny dialogue and preposterous moments .,bad
sst5_base_0318,` rare birds ' tries to force its quirkiness upon the audience .,okay
sst5_base_0319,"like a veteran head cutter , barbershop is tuned in to its community .",good
sst5_base_0320,it 's also not smart or barbed enough for older viewers -- not everyone thinks poo-poo jokes are ` edgy . ',terrible
sst5_base_0321,it 's not an easy one to review .,bad
sst5_base_0322,"this sensitive , smart , savvy , compelling coming-of-age drama delves into the passive-aggressive psychology of co-dependence and the struggle for self-esteem .",great
sst5_base_0323,this is a film that manages to find greatness in the hue of its drastic iconography .,good
sst5_base_0324,"if you saw it on tv , you 'd probably turn it off , convinced that you had already seen that movie .",bad
sst5_base_0325,i also believe that resident evil is not it .,bad
sst5_base_0326,the wild thornberrys movie is pleasant enough and the message of our close ties with animals can certainly not be emphasized enough .,good
sst5_base_0327,"that rare movie that works on any number of levels -- as a film of magic and whimsy for children , a heartfelt romance for teenagers and a compelling argument about death , both pro and con , for adults .",great
sst5_base_0328,"it is ok for a movie to be something of a sitcom apparatus , if the lines work , the humor has point and the actors are humanly engaged .",good
sst5_base_0329,leguizamo and jones are both excellent and the rest of the cast is uniformly superb .,great
sst5_base_0330,"entirely appropriately , the tale unfolds like a lazy summer afternoon and concludes with the crisp clarity of a fall dawn .",good
sst5_base_0331,it 's supposed to be post-feminist breezy but ends up as tedious as the chatter of parrots raised on oprah .,terrible
sst5_base_0332,pretty good little movie .,good
sst5_base_0333,"aloof and lacks any real raw emotion , which is fatal for a film that relies on personal relationships .",terrible
sst5_base_0334,you just know something terrible is going to happen .,okay
sst5_base_0335,"this is a monumental achievement in practically every facet of inept filmmaking : joyless , idiotic , annoying , heavy-handed , visually atrocious , and often downright creepy .",bad
sst5_base_0336,the somber pacing and lack of dramatic fireworks make green dragon seem more like medicine than entertainment .,terrible
sst5_base_0337,"throwing in everything except someone pulling the pin from a grenade with his teeth , windtalkers seems to have ransacked every old world war ii movie for overly familiar material .",bad
sst5_base_0338,... rogers 's mouth never stops shut about the war between the sexes and how to win the battle .,good
sst5_base_0339,-lrb- an -rrb- absorbing documentary .,good
sst5_base_0340,"a clash between the artificial structure of the story and the more contemporary , naturalistic tone of the film ...",bad
sst5_base_0341,"lacks the spirit of the previous two , and makes all those jokes about hos and even more unmentionable subjects seem like mere splashing around in the muck .",terrible
sst5_base_0342,"coy but exhilarating , with really solid performances by ving rhames and wesley snipes .",good
sst5_base_0343,"sparkles in its deft portrait of tinseltown 's seasoned veterans of gossip , wealth , paranoia , and celebrityhood .",okay
sst5_base_0344,"not kids , who do n't need the lesson in repugnance .",okay
sst5_base_0345,does n't really add up to much .,bad
sst5_base_0346,"a mature , deeply felt fantasy of a director 's travel through 300 years of russian history .",good
sst5_base_0347,"an earnest , roughshod document , it serves as a workable primer for the region 's recent history , and would make a terrific 10th-grade learning tool .",good
sst5_base_0348,entertaining despite its one-joke premise with the thesis that women from venus and men from mars can indeed get together .,okay
sst5_base_0349,"the first hour is tedious though ford and neeson capably hold our interest , but its just not a thrilling movie .",bad
sst5_base_0350,"but then again , i hate myself most mornings .",bad
sst5_base_0351,even kids deserve better .,bad
sst5_base_0352,a well made indieflick in need of some trims and a more chemistry between its stars .,good
sst5_base_0353,it 's about issues most adults have to face in marriage and i think that 's what i liked about it -- the real issues tucked between the silly and crude storyline .,good
sst5_base_0354,"it 's difficult to imagine that a more confused , less interesting and more sloppily made film could possibly come down the road in 2002 .",terrible
sst5_base_0355,"this is mostly well-constructed fluff , which is all it seems intended to be .",okay
sst5_base_0356,the young stars are too cute ; the story and ensuing complications are too manipulative ; the message is too blatant ; the resolutions are too convenient .,bad
sst5_base_0357,"cassavetes thinks he 's making dog day afternoon with a cause , but all he 's done is to reduce everything he touches to a shrill , didactic cartoon .",bad
sst5_base_0358,"-lrb- shyamalan -rrb- turns the goose-pimple genre on its empty head and fills it with spirit , purpose and emotionally bruised characters who add up to more than body count .",good
sst5_base_0359,"while this one gets off with a good natured warning , future lizard endeavors will need to adhere more closely to the laws of laughter",bad
sst5_base_0360,the kind of sweet-and-sour insider movie that film buffs will eat up like so much gelati .,great
sst5_base_0361,a film about female friendship that men can embrace and women will talk about for hours .,great
sst5_base_0362,"qutting may be a flawed film , but it is nothing if not sincere .",okay
sst5_base_0363,i am more offended by his lack of faith in his audience than by anything on display here .,bad
sst5_base_0364,it deserves to be seen everywhere .,good
sst5_base_0365,the beauty of the piece is that it counts heart as important as humor .,good
sst5_base_0366,"whether this is art imitating life or life imitating art , it 's an unhappy situation all around .",bad
sst5_base_0367,"build some robots , haul 'em to the theatre with you for the late show , and put on your own mystery science theatre 3000 tribute to what is almost certainly going to go down as the worst -- and only -- killer website movie of this or any other year .",terrible
sst5_base_0368,"seeing as the film lacks momentum and its position remains mostly undeterminable , the director 's experiment is a successful one .",good
sst5_base_0369,as it stands it 's an opera movie for the buffs .,okay
sst5_base_0370,does point the way for adventurous indian filmmakers toward a crossover into nonethnic markets .,good
sst5_base_0371,"the chateau has one very funny joke and a few other decent ones , but all it amounts to is a mildly funny , sometimes tedious , ultimately insignificant film .",bad
sst5_base_0372,"cox is far more concerned with aggrandizing madness , not the man , and the results might drive you crazy .",okay
sst5_base_0373,ozpetek joins the ranks of those gay filmmakers who have used the emigre experience to explore same-sex culture in ways that elude the more nationally settled .,okay
sst5_base_0374,"violent , vulgar and forgettably entertaining .",bad
sst5_base_0375,interesting both as a historical study and as a tragic love story .,good
sst5_base_0376,the attempt to build up a pressure cooker of horrified awe emerges from the simple fact that the movie has virtually nothing to show .,terrible
sst5_base_0377,his scenes are short and often unexpected .,okay
sst5_base_0378,a genuine mind-bender .,good
sst5_base_0379,as saccharine as it is disposable .,bad
sst5_base_0380,"the people in abc africa are treated as docile , mostly wordless ethnographic extras .",okay
sst5_base_0381,"lovely and amazing is holofcener 's deep , uncompromising curtsy to women she knows , and very likely is .",good
sst5_base_0382,"unfunny comedy with a lot of static set ups , not much camera movement , and most of the scenes take place indoors in formal settings with motionless characters .",terrible
sst5_base_0383,"the film 's messages of tolerance and diversity are n't particularly original , but one ca n't help but be drawn in by the sympathetic characters .",good
sst5_base_0384,"further sad evidence that tom tykwer , director of the resonant and sense-spinning run lola run , has turned out to be a one-trick pony -- a maker of softheaded metaphysical claptrap .",terrible
sst5_base_0385,it 's horribly depressing and not very well done .,terrible
sst5_base_0386,mama africa pretty much delivers on that promise .,good
sst5_base_0387,degenerates into hogwash .,terrible
sst5_base_0388,"what jackson has done is proven that no amount of imagination , no creature , no fantasy story and no incredibly outlandish scenery",bad
sst5_base_0389,"clever and unflinching in its comic barbs , slap her is a small but rewarding comedy that takes aim at contemporary southern adolescence and never lets up .",great
sst5_base_0390,heavy with flabby rolls of typical toback machinations .,bad
sst5_base_0391,a work that lacks both a purpose and a strong pulse .,terrible
sst5_base_0392,may offend viewers not amused by the sick sense of humor .,bad
sst5_base_0393,"a knowing look at female friendship , spiked with raw urban humor .",good
sst5_base_0394,this is the first full scale wwii flick from hong kong 's john woo .,okay
sst5_base_0395,"though filmed partly in canada , paid in full has clever ways of capturing inner-city life during the reagan years .",good
sst5_base_0396,there 's no clear picture of who killed bob crane .,okay
sst5_base_0397,"an easy watch , except for the annoying demeanour of its lead character .",okay
sst5_base_0398,a generic family comedy unlikely to be appreciated by anyone outside the under-10 set .,terrible
sst5_base_0399,"it is depressing , ruthlessly pained and depraved , the movie equivalent of staring into an open wound .",terrible
sst5_base_0400,"if you already like this sort of thing , this is that sort of thing all over again .",okay
sst5_base_0401,it 's always fascinating to watch marker the essayist at work .,good
sst5_base_0402,"with freeman and judd , i 'll at least remember their characters .",okay
sst5_base_0403,"ver wiel 's desperate attempt at wit is lost , leaving the character of critical jim two-dimensional and pointless .",bad
sst5_base_0404,"the film has too many spots where it 's on slippery footing , but is acceptable entertainment for the entire family and one that 's especially fit for the kiddies .",okay
sst5_base_0405,it 's like a drive-by .,bad
sst5_base_0406,"below may not mark mr. twohy 's emergence into the mainstream , but his promise remains undiminished .",good
sst5_base_0407,meanders between its powerful moments .,okay
sst5_base_0408,arteta directs one of the best ensemble casts of the year,great
sst5_base_0409,delirious fun .,great
sst5_base_0410,i will be .,good
sst5_base_0411,"a chilly , remote , emotionally distant piece ... so dull that its tagline should be : ` in space , no one can hear you snore . '",terrible
sst5_base_0412,the party scenes deliver some tawdry kicks .,okay
sst5_base_0413,"like the english patient and the unbearable lightness of being , the hours is one of those reputedly `` unfilmable '' novels that has bucked the odds to emerge as an exquisite motion picture in its own right .",good
sst5_base_0414,the film has the uncanny ability to right itself precisely when you think it 's in danger of going wrong .,good
sst5_base_0415,"for all the charm of kevin kline and a story that puts old-fashioned values under the microscope , there 's something creepy about this movie .",good
sst5_base_0416,"call me a cynic , but there 's something awfully deadly about any movie with a life-affirming message .",bad
sst5_base_0417,what goes on for the 110 minutes of `` panic room '' is a battle of witlessness between a not-so-bright mother and daughter and an even less capable trio of criminals .,bad
sst5_base_0418,"the whole mildly pleasant outing -- the r rating is for brief nudity and a grisly corpse -- remains aloft not on its own self-referential hot air , but on the inspired performance of tim allen .",okay
sst5_base_0419,poor ben bratt could n't find stardom if mapquest emailed him point-to-point driving directions .,terrible
sst5_base_0420,spend your benjamins on a matinee .,okay
sst5_base_0421,intelligent and moving .,great
sst5_base_0422,"after an uncertain start , murder hits and generally sustains a higher plateau with bullock 's memorable first interrogation of gosling .",good
sst5_base_0423,"the re - enactments , however fascinating they may be as history , are too crude to serve the work especially well .",bad
sst5_base_0424,wait for it to hit cable .,okay
sst5_base_0425,nothing more than a run-of-the-mill action flick .,okay
sst5_base_0426,"brings to a spectacular completion one of the most complex , generous and subversive artworks of the last decade .",great
sst5_base_0427,steven soderbergh does n't remake andrei tarkovsky 's solaris so much as distill it .,bad
sst5_base_0428,"it is philosophy , illustrated through everyday events .",good
sst5_base_0429,an awful snooze .,terrible
sst5_base_0430,"outside of burger 's desire to make some kind of film , it 's really unclear why this project was undertaken",bad
sst5_base_0431,"it 's a fine , old-fashioned-movie movie , which is to say it 's unburdened by pretensions to great artistic significance .",good
sst5_base_0432,"it 's usually a bad sign when directors abandon their scripts and go where the moment takes them , but olympia , wash. , based filmmakers anne de marcken and marilyn freeman did just that and it 's what makes their project so interesting .",good
sst5_base_0433,demme finally succeeds in diminishing his stature from oscar-winning master to lowly studio hack .,bad
sst5_base_0434,"dong shows how intolerance has the power to deform families , then tear them apart .",okay
sst5_base_0435,russian ark is a new treasure of the hermitage .,good
sst5_base_0436,"what 's most memorable about circuit is that it 's shot on digital video , whose tiny camera enables shafer to navigate spaces both large ... and small ... with considerable aplomb .",good
sst5_base_0437,"the satire is unfocused , while the story goes nowhere .",terrible
sst5_base_0438,"a movie just for friday fans , critics be damned .",good
sst5_base_0439,so bland and utterly forgettable that it might as well have been titled generic jennifer lopez romantic comedy .,terrible
sst5_base_0440,there are many definitions of ` time waster ' but this movie must surely be one of them .,terrible
sst5_base_0441,"the rock is destined to be the 21st century 's new `` conan '' and that he 's going to make a splash even greater than arnold schwarzenegger , jean-claud van damme or steven segal .",good
sst5_base_0442,your appreciation of it will depend on what experiences you bring to it and what associations you choose to make .,okay
sst5_base_0443,"it 's not particularly subtle ... however , it still manages to build to a terrifying , if obvious , conclusion .",okay
sst5_base_0444,an annoying orgy of excess and exploitation that has no point and goes nowhere .,terrible
sst5_base_0445,the movie does n't generate a lot of energy .,bad
sst5_base_0446,"but if the essence of magic is its make-believe promise of life that soars above the material realm , this is the opposite of a truly magical movie .",terrible
sst5_base_0447,a compelling film .,great
sst5_base_0448,"sets animation back 30 years , musicals back 40 years and judaism back at least 50 .",terrible
sst5_base_0449,"as social exposé , skins has its heart in the right place , but that 's not much to hang a soap opera on .",okay
sst5_base_0450,for dance completists only .,terrible
sst5_base_0451,may puzzle his most ardent fans .,bad
sst5_base_0452,wait to see it then .,bad
sst5_base_0453,but they lack their idol 's energy and passion for detail .,bad
sst5_base_0454,"hard as this may be to believe , here on earth , a surprisingly similar teen drama , was a better film .",bad
sst5_base_0455,"comes off as a long , laborious whine , the bellyaching of a paranoid and unlikable man .",terrible
sst5_base_0456,"as commander-in-chief of this film , bigelow demonstrates a breadth of vision and an attention to detail that propels her into the upper echelons of the directing world .",great
sst5_base_0457,"what enlivens this film , beyond the astute direction of cardoso and beautifully detailed performances by all of the actors , is a note of defiance over social dictates .",good
sst5_base_0458,"oddly , the film is n't nearly as downbeat as it sounds , but strikes a tone that 's alternately melancholic , hopeful and strangely funny .",good
sst5_base_0459,it is also beautifully acted .,great
sst5_base_0460,i 'm going to give it a marginal thumbs up .,good
sst5_base_0461,the locations go from stark desert to gorgeous beaches .,good
sst5_base_0462,"claire is a terrific role for someone like judd , who really ought to be playing villains .",good
sst5_base_0463,"writer\/director burr steers emphasizes the q in quirky , with mixed results .",good
sst5_base_0464,"it 's so laddish and juvenile , only teenage boys could possibly find it funny .",okay
sst5_base_0465,why did they deem it necessary to document all this emotional misery ?,bad
sst5_base_0466,"as the princess , sorvino glides gracefully from male persona to female without missing a beat .",good
sst5_base_0467,"vibrantly colored and beautifully designed , metropolis is a feast for the eyes .",great
sst5_base_0468,the result is so tame that even slightly wised-up kids would quickly change the channel .,bad
sst5_base_0469,"despite its floating narrative , this is a remarkably accessible and haunting film .",great
sst5_base_0470,"there are many things that solid acting can do for a movie , but crafting something promising from a mediocre screenplay is not one of them .",okay
sst5_base_0471,"hey everybody , wanna watch a movie in which a guy dressed as a children 's party clown gets violently gang-raped ?",terrible
sst5_base_0472,a somewhat disappointing and meandering saga .,okay
sst5_base_0473,"reeboir varies between a sweet smile and an angry bark , while said attempts to wear down possible pupils through repetition .",okay
sst5_base_0474,"opening with some contrived banter , cliches and some loose ends , the screenplay only comes into its own in the second half .",okay
sst5_base_0475,"perfectly pitched between comedy and tragedy , hope and despair , about schmidt instead comes far closer than many movies to expressing the way many of us live -- someplace between consuming self-absorption and insistently demanding otherness .",great
sst5_base_0476,the production values are of the highest and the performances attractive without being memorable .,good
sst5_base_0477,"we 're left with a story that tries to grab us , only to keep letting go at all the wrong moments .",bad
sst5_base_0478,"every now and again , a movie comes along to remind us of how very bad a motion picture can truly be .",terrible
sst5_base_0479,this may be the first cartoon ever to look as if it were being shown on the projection television screen of a sports bar .,bad
sst5_base_0480,a wildly entertaining scan of evans ' career .,great
sst5_base_0481,translation : ` we do n't need to try very hard . ',bad
sst5_base_0482,"davis has energy , but she does n't bother to make her heroine 's book sound convincing , the gender-war ideas original , or the comic scenes fly .",okay
sst5_base_0483,"supposedly , pokemon ca n't be killed , but pokemon 4ever practically assures that the pocket monster movie franchise is nearly ready to keel over .",bad
sst5_base_0484,a screenplay more ingeniously constructed than `` memento '',great
sst5_base_0485,"a typically observant , carefully nuanced and intimate french coming-of-age film that is an encouraging debut feature but has a needlessly downbeat ending that is too heavy for all that has preceded it .",okay
sst5_base_0486,-lrb- a -rrb- crushing disappointment .,terrible
sst5_base_0487,the film 's stagecrafts are intimate and therefore bolder than the otherwise calculated artifice that defines and overwhelms the film 's production design .,okay
sst5_base_0488,supposedly authentic account of a historical event that 's far too tragic to merit such superficial treatment .,bad
sst5_base_0489,"mckay seems embarrassed by his own invention and tries to rush through the intermediary passages , apparently hoping that the audience will not notice the glaring triteness of the plot device he has put in service .",terrible
sst5_base_0490,"harvard man is a semi-throwback , a reminiscence without nostalgia or sentimentality .",okay
sst5_base_0491,both lead performances are oscar-size .,great
sst5_base_0492,"... feels as if -lrb- there 's -rrb- a choke leash around your neck so director nick cassavetes can give it a good , hard yank whenever he wants you to feel something .",terrible
sst5_base_0493,"parents , on the other hand , will be ahead of the plot at all times , and there is n't enough clever innuendo to fil",okay
sst5_base_0494,"- west coast rap wars , this modern mob music drama never fails to fascinate .",good
sst5_base_0495,that it 'll probably be the best and most mature comedy of the 2002 summer season speaks more of the season than the picture,good
sst5_base_0496,"saved from being merely way-cool by a basic , credible compassion .",okay
sst5_base_0497,this version does justice both to stevenson and to the sci-fi genre .,good
sst5_base_0498,anyone else seen this before ?,okay
sst5_base_0499,it shows that some studios firmly believe that people have lost the ability to think and will forgive any shoddy product as long as there 's a little girl-on-girl action .,terrible
sst5_base_0500,"... wallace is smart to vary the pitch of his movie , balancing deafening battle scenes with quieter domestic scenes of women back home receiving war department telegrams .",good
sst5_base_0501,-lrb- a -rrb- devastatingly powerful and astonishingly vivid holocaust drama .,great
sst5_base_0502,"the camera soars above the globe in dazzling panoramic shots that make the most of the large-screen format , before swooping down on a string of exotic locales , scooping the whole world up in a joyous communal festival of rhythm .",great
sst5_base_0503,"the origin story is well told , and the characters will not disappoint anyone who values the original comic books .",okay
sst5_base_0504,"it may scream low budget , but this charmer has a spirit that can not be denied .",good
sst5_base_0505,so-so entertainment .,okay
sst5_base_0506,it 's depressing to see how far herzog has fallen .,bad
sst5_base_0507,-lrb- gayton 's script -rrb- telegraphs every discovery and layers on the gloss of convenience .,good
sst5_base_0508,"kapur fails to give his audience a single character worth rooting for -lrb- or worth rooting against , for that matter -rrb- .",bad
sst5_base_0509,what 's left is a rich stew of longing .,okay
sst5_base_0510,"this ready-made midnight movie probably wo n't stand the cold light of day , but under the right conditions , it 's goofy -lrb- if not entirely wholesome -rrb- fun .",good
sst5_base_0511,"the main characters are simply named the husband , the wife and the kidnapper , emphasizing the disappointingly generic nature of the entire effort .",terrible
sst5_base_0512,"expands the limits of what a film can be , taking us into the lives of women to whom we might not give a second look if we passed them on the street .",good
sst5_base_0513,"a muddled limp biscuit of a movie , a vampire soap opera that does n't make much sense even on its own terms .",terrible
sst5_base_0514,... stumbles over every cheap trick in the book trying to make the outrage come even easier .,bad
sst5_base_0515,leaves viewers out in the cold and undermines some phenomenal performances .,bad
sst5_base_0516,an uneven look into a grim future that does n't come close to the level of intelligence and visual splendour that can be seen in other films based on philip k. dick stories .,bad
sst5_base_0517,here 's yet another cool crime movie that actually manages to bring something new into the mix .,good
sst5_base_0518,"-lrb- screenwriter -rrb- pimental took the farrelly brothers comedy and feminized it , but it is a rather poor imitation .",okay
sst5_base_0519,a metaphor for a modern-day urban china searching for its identity .,good
sst5_base_0520,the movie is a little tired ; maybe the original inspiration has run its course .,okay
sst5_base_0521,"the production design , score and choreography are simply intoxicating .",great
sst5_base_0522,"in an era where big stars and high production values are standard procedure , narc strikes a defiantly retro chord , and outpaces its contemporaries with daring and verve .",good
sst5_base_0523,a powerful performance from mel gibson and a brutal 90-minute battle sequence that does everything but issue you a dog-tag and an m-16 .,great
sst5_base_0524,"my big fat greek wedding is that rare animal known as ' a perfect family film , ' because it 's about family .",good
sst5_base_0525,"in his latest effort , storytelling , solondz has finally made a movie that is n't just offensive -- it also happens to be good .",good
sst5_base_0526,"if you can get past the taboo subject matter , it will be well worth your time .",great
sst5_base_0527,the big-screen scooby makes the silly original cartoon seem smart and well-crafted in comparison .,terrible
sst5_base_0528,"although melodramatic and predictable , this romantic comedy explores the friendship between five filipino-americans and their frantic efforts to find love .",okay
sst5_base_0529,it can be safely recommended as a video\/dvd babysitter .,good
sst5_base_0530,beautifully filmed and well acted ... but admittedly problematic in its narrative specifics .,good
sst5_base_0531,"a well-done film of a self-reflexive , philosophical nature .",great
sst5_base_0532,sweet home alabama certainly wo n't be remembered as one of -lrb- witherspoon 's -rrb- better films .,bad
sst5_base_0533,perhaps the most annoying thing about who is cletis tout ?,okay
sst5_base_0534,shyamalan should stop trying to please his mom .,bad
sst5_base_0535,"the story gives ample opportunity for large-scale action and suspense , which director shekhar kapur supplies with tremendous skill .",great
sst5_base_0536,"the self-serious equilibrium makes its point too well ; a movie , like life , is n't much fun without the highs and lows .",bad
sst5_base_0537,"anyone who wants to start writing screenplays can just follow the same blueprint from hundreds of other films , sell it to the highest bidder and walk away without anyone truly knowing your identity .",bad
sst5_base_0538,a wretched movie that reduces the second world war to one man 's quest to find an old flame .,bad
sst5_base_0539,"ryan gosling is , in a word , brilliant as the conflicted daniel .",great
sst5_base_0540,"and for many of us , that 's good enough .",good
sst5_base_0541,"the result is a powerful , naturally dramatic piece of low-budget filmmaking .",great
sst5_base_0542,... works on some levels and is certainly worth seeing at least once .,good
sst5_base_0543,"the power of shanghai ghetto , a documentary by dana janklowicz-mann and amir mann , rests in the voices of men and women , now in their 70s , who lived there in the 1940s .",good
sst5_base_0544,a half-assed film .,terrible
sst5_base_0545,a complex psychological drama about a father who returns to his son 's home after decades away .,good
sst5_base_0546,exudes the fizz of a busby berkeley musical and the visceral excitement of a sports extravaganza .,great
sst5_base_0547,"unambitious writing emerges in the movie , using a plot that could have come from an animated-movie screenwriting textbook .",bad
sst5_base_0548,it 's as raw and action-packed an experience as a ringside seat at a tough-man contest .,great
sst5_base_0549,the same should go for movie theaters .,okay
sst5_base_0550,"true to its animatronic roots : ... as stiff , ponderous and charmless as a mechanical apparatus ... ` the country bears ' should never have been brought out of hibernation .",terrible
sst5_base_0551,"whenever it threatens to get bogged down in earnest dramaturgy , a stirring visual sequence like a surge through swirling rapids or a leap from pinnacle to pinnacle rouses us .",good
sst5_base_0552,this romantic\/comedy asks the question how much souvlaki can you take before indigestion sets in .,bad
sst5_base_0553,"a breezy blend of art , history , esoteric musings and philosophy .",good
sst5_base_0554,"tends to pile too many `` serious issues '' on its plate at times , yet remains fairly light , always entertaining , and smartly written .",good
sst5_base_0555,"its simplicity puts an exclamation point on the fact that this is n't something to be taken seriously , but it also wrecks any chance of the movie rising above similar fare .",bad
sst5_base_0556,there is a strong directorial stamp on every frame of this stylish film that is able to visualize schizophrenia but is still confident enough to step back and look at the sick character with a sane eye .,good
sst5_base_0557,"` dragonfly ' dwells on crossing-over mumbo jumbo , manipulative sentimentality , and sappy dialogue .",bad
sst5_base_0558,it 's a glorious spectacle like those d.w. griffith made in the early days of silent film .,great
sst5_base_0559,... silly humbuggery ...,bad
sst5_base_0560,"a loud , brash and mainly unfunny high school comedy .",terrible
sst5_base_0561,your stomach for heaven depends largely on your appetite for canned corn .,okay
sst5_base_0562,"at its best , this is grand-scale moviemaking for a larger-than-life figure , an artist who has been awarded mythic status in contemporary culture .",great
sst5_base_0563,just another generic drama that has nothing going for it other than its exploitive array of obligatory cheap thrills .,bad
sst5_base_0564,"but when it does , you 're entirely unprepared .",okay
sst5_base_0565,we just do n't really care too much about this love story .,bad
sst5_base_0566,"it 's a very sincere work , but it would be better as a diary or documentary .",good
sst5_base_0567,"your nightmares , on the other hand , will be anything but .",okay
sst5_base_0568,the end result is like cold porridge with only the odd enjoyably chewy lump .,bad
sst5_base_0569,"you can almost see mendes and company getting together before a single frame had been shot and collectively vowing , ` this is going to be something really good . '",good
sst5_base_0570,"well , jason 's gone to manhattan and hell , i guess a space station in the year 2455 can be crossed off the list of ideas for the inevitable future sequels -lrb- hey , do n't shoot the messenger -rrb- .",bad
sst5_base_0571,looks more like a travel-agency video targeted at people who like to ride bikes topless and roll in the mud than a worthwhile glimpse of independent-community guiding lights .,terrible
sst5_base_0572,yet the act is still charming here .,good
sst5_base_0573,just too silly and sophomoric to ensnare its target audience .,bad
sst5_base_0574,an almost unbearably morbid love story .,terrible
sst5_base_0575,"replacing john carpenter 's stylish tracking shots is degraded , handheld blair witch video-cam footage .",bad
sst5_base_0576,it is n't scary .,bad
sst5_base_0577,this angst-ridden territory was covered earlier and much better in ordinary people .,bad
sst5_base_0578,a tedious parable about honesty and good sportsmanship .,okay
sst5_base_0579,has all the scenic appeal of a cesspool .,terrible
sst5_base_0580,the level of acting elevates the material above pat inspirational status and gives it a sturdiness and solidity that we 've long associated with washington the actor .,good
sst5_base_0581,"this amiable picture talks tough , but it 's all bluster -- in the end it 's as sweet as greenfingers ...",good
sst5_base_0582,animated drivel meant to enhance the self-image of drooling idiots .,bad
sst5_base_0583,into scrooge .,okay
sst5_base_0584,"lazy , miserable and smug .",terrible
sst5_base_0585,"fast , frantic and fun , but also soon forgotten",okay
sst5_base_0586,"i 'm sure the filmmaker would disagree , but , honestly , i do n't see the point .",bad
sst5_base_0587,"an enthralling aesthetic experience , one that 's steeped in mystery and a ravishing , baroque beauty .",great
sst5_base_0588,"though the film never veers from its comic course , its unintentional parallels might inadvertently evoke memories and emotions which are anything but humorous .",okay
sst5_base_0589,little more than a super-sized infomercial for the cable-sports channel and its summer x games .,okay
sst5_base_0590,"mike white 's deft combination of serious subject matter and dark , funny humor make `` the good girl '' a film worth watching .",great
sst5_base_0591,the obligatory break-ups and hook-ups do n't seem to have much emotional impact on the characters .,okay
sst5_base_0592,it was only a matter of time before some savvy producer saw the potential success inherent in the mixture of bullock bubble and hugh goo .,good
sst5_base_0593,"a captivatingly quirky hybrid of character portrait , romantic comedy and beat-the-clock thriller .",good
sst5_base_0594,jones has delivered a solidly entertaining and moving family drama .,great
sst5_base_0595,leaves us wondering less about its ideas and more about its characterization of hitler and the contrived nature of its provocative conclusion .,bad
sst5_base_0596,"gooding and coburn are both oscar winners , a fact which , as you watch them clumsily mugging their way through snow dogs , seems inconceivable .",bad
sst5_base_0597,"it ends up being neither , and fails at both endeavors .",terrible
sst5_base_0598,"it would be disingenuous to call reno a great film , but you can say that about most of the flicks moving in and out of the multiplex .",okay
sst5_base_0599,you can sip your vintage wines and watch your merchant ivory productions ; i 'll settle for a nice cool glass of iced tea and a jerry bruckheimer flick any day of the week .,great
sst5_base_0600,the immersive powers of the giant screen and its hyper-realistic images are put to perfect use in the breathtakingly beautiful outer-space documentary space station 3d .,great
sst5_base_0601,steven spielberg brings us another masterpiece,great
sst5_base_0602,"boasting some of the most poorly staged and lit action in memory , impostor is as close as you can get to an imitation movie .",bad
sst5_base_0603,"if you think it 's a riot to see rob schneider in a young woman 's clothes , then you 'll enjoy the hot chick .",good
sst5_base_0604,"at three hours and with very little story or character development , there is plenty of room for editing , and a much shorter cut surely would have resulted in a smoother , more focused narrative without sacrificing any of the cultural intrigue .",bad
sst5_base_0605,"this big screen caper has a good bark , far from being a bow-wow .",okay
sst5_base_0606,"this makes minority report necessary viewing for sci-fi fans , as the film has some of the best special effects ever .",great
sst5_base_0607,"offers no new insight on the matter , nor do its characters exactly spring to life .",terrible
sst5_base_0608,"like its parade of predecessors , this halloween is a gory slash-fest .",good
sst5_base_0609,"the fascination comes in the power of the huston performance , which seems so larger than life and yet so fragile , and in the way the ivan character accepts the news of his illness so quickly but still finds himself unable to react .",good
sst5_base_0610,"starts out with tremendous promise , introducing an intriguing and alluring premise , only to fall prey to a boatload of screenwriting cliches that sink it faster than a leaky freighter .",bad
sst5_base_0611,"loud , chaotic and largely unfunny .",terrible
sst5_base_0612,less front-loaded and more shapely than the two-hour version released here in 1990 .,okay
sst5_base_0613,you can not guess why the cast and crew did n't sign a pact to burn the negative and the script and pretend the whole thing never existed .,terrible
sst5_base_0614,"lots of effort and intelligence are on display but in execution it is all awkward , static , and lifeless rumblings .",terrible
sst5_base_0615,the filmmakers keep pushing the jokes at the expense of character until things fall apart .,bad
sst5_base_0616,what 's needed so badly but what is virtually absent here is either a saving dark humor or the feel of poetic tragedy .,bad
sst5_base_0617,"this would have been better than the fiction it has concocted , and there still could have been room for the war scenes .",bad
sst5_base_0618,"it ca n't escape its past , and it does n't want to .",okay
sst5_base_0619,will anyone who is n't a fangoria subscriber be excited that it has n't gone straight to video ?,bad
sst5_base_0620,the film oozes craft .,good
sst5_base_0621,"me no lika da accents so good , but i thoroughly enjoyed the love story .",good
sst5_base_0622,yet it 's not quite the genre-busting film it 's been hyped to be because it plays everything too safe .,bad
sst5_base_0623,"not as well-written as sexy beast , not as gloriously flippant as lock , stock and two smoking barrels , but stylish and moody and exceptionally well-acted .",good
sst5_base_0624,bad and baffling from the get-go .,terrible
sst5_base_0625,"scooby-doo does n't know if it wants to be a retro-refitting exercise in campy recall for older fans or a silly , nickelodeon-esque kiddie flick .",bad
sst5_base_0626,"an action\/thriller of the finest kind , evoking memories of day of the jackal , the french connection , and heat .",great
sst5_base_0627,predecessors the mummy and the mummy returns stand as intellectual masterpieces next to the scorpion king .,bad
sst5_base_0628,a rumor of angels does n't just slip -- it avalanches into forced fuzziness .,terrible
sst5_base_0629,a picture as erratic as its central character .,okay
sst5_base_0630,lightweight but appealing .,good
sst5_base_0631,this is one of the rarest kinds of films : a family-oriented non-disney film that is actually funny without hitting below the belt .,good
sst5_base_0632,"it 's not a film to be taken literally on any level , but its focus always appears questionable .",okay
sst5_base_0633,"a wishy-washy melodramatic movie that shows us plenty of sturm und drung , but explains its characters ' decisions only unsatisfactorily .",terrible
sst5_base_0634,moonlight mile does n't quite go the distance but the cast is impressive and they all give life to these broken characters who are trying to make their way through this tragedy .,good
sst5_base_0635,"it throws quirky characters , odd situations , and off-kilter dialogue at us , all as if to say , `` look at this !",good
sst5_base_0636,"maybe not a classic , but a movie the kids will want to see over and over again .",great
sst5_base_0637,"parker should be commended for taking a fresh approach to familiar material , but his determination to remain true to the original text leads him to adopt a somewhat mannered tone ... that ultimately dulls the human tragedy at the story 's core .",okay
sst5_base_0638,"if you do n't laugh , flee .",okay
sst5_base_0639,it merely indulges in the worst elements of all of them .,bad
sst5_base_0640,schnitzler does a fine job contrasting the sleekness of the film 's present with the playful paranoia of the film 's past . ',great
sst5_base_0641,yet another arnold vehicle that fails to make adequate use of his particular talents .,bad
sst5_base_0642,you 'd have to be a most hard-hearted person not to be moved by this drama .,good
sst5_base_0643,"this is not chabrol 's best , but even his lesser works outshine the best some directors can offer .",okay
sst5_base_0644,what makes the movie work -- to an admittedly limited extent -- is the commitment of two genuinely engaging performers .,okay
sst5_base_0645,among the many pleasures are the lively intelligence of the artists and their perceptiveness about their own situations .,good
sst5_base_0646,one of those films that started with a great premise and then just fell apart .,terrible
sst5_base_0647,"more timely than its director could ever have dreamed , this quietly lyrical tale probes the ambiguous welcome extended by iran to the afghani refugees who streamed across its borders , desperate for work and food .",great
sst5_base_0648,"you can fire a torpedo through some of clancy 's holes , and the scripters do n't deserve any oscars .",terrible
sst5_base_0649,the overall feel is not unlike watching a glorified episode of `` 7th heaven . '',bad
sst5_base_0650,"as a story of dramatic enlightenment , the screenplay by billy ray and terry george leaves something to be desired .",bad
sst5_base_0651,"if a big musical number like ` praise the lord , he 's the god of second chances ' does n't put you off , this will be an enjoyable choice for younger kids .",good
sst5_base_0652,"the tonal shifts are jolting , and though wen 's messages are profound and thoughtfully delivered , more thorough transitions would have made the film more cohesive .",okay
sst5_base_0653,"mr. goyer 's loose , unaccountable direction is technically sophisticated in the worst way .",terrible
sst5_base_0654,a movie that harps on media-constructed ` issues ' like whether compromise is the death of self ... this orgasm -lrb- wo n't be an -rrb- exceedingly memorable one for most people .,bad
sst5_base_0655,"i was feeling this movie until it veered off too far into the exxon zone , and left me behind at the station looking for a return ticket to realism .",bad
sst5_base_0656,`` simone '' is a fun and funky look into an artificial creation in a world that thrives on artificiality .,great
sst5_base_0657,the code talkers deserved better than a hollow tribute .,bad
sst5_base_0658,splendidly illustrates the ability of the human spirit to overcome adversity .,good
sst5_base_0659,"the characterizations and dialogue lack depth or complexity , with the ironic exception of scooter .",bad
sst5_base_0660,"director yu seems far more interested in gross-out humor than in showing us well-thought stunts or a car chase that we have n't seen 10,000 times .",bad
sst5_base_0661,very predictable but still entertaining,good
sst5_base_0662,mattei 's underdeveloped effort here is nothing but a convenient conveyor belt of brooding personalities that parade about as if they were coming back from stock character camp -- a drowsy drama infatuated by its own pretentious self-examination .,bad
sst5_base_0663,a giddy and provocative sexual romp that has something to say .,good
sst5_base_0664,feels less like a cousin to blade runner than like a bottom-feeder sequel in the escape from new york series .,bad
sst5_base_0665,"it 's a movie that ends with truckzilla , for cryin ' out loud .",bad
sst5_base_0666,we 're drawn in by the dark luster .,good
sst5_base_0667,"like the series , the movie is funny , smart , visually inventive , and most of all , alive .",okay
sst5_base_0668,rice never clearly defines his characters or gives us a reason to care about them .,bad
sst5_base_0669,thumbs down .,terrible
sst5_base_0670,"for all its brilliant touches , dragon loses its fire midway , nearly flickering out by its perfunctory conclusion .",bad
sst5_base_0671,"whatever heartwarming scene the impressively discreet filmmakers may have expected to record with their mini dv , they show a remarkable ability to document both sides of this emotional car-wreck .",great
sst5_base_0672,has the rare capability to soothe and break your heart with a single stroke .,good
sst5_base_0673,"you might say tykwer has done all that heaven allows , if you wanted to make as anti-kieslowski a pun as possible .",okay
sst5_base_0674,a well paced and satisfying little drama that deserved better than a ` direct-to-video ' release .,great
sst5_base_0675,"`` sorority boys '' was funnier , and that movie was pretty bad .",terrible
sst5_base_0676,"a big , loud , bang-the-drum bore .",bad
sst5_base_0677,one of the worst films of 2002 .,terrible
sst5_base_0678,"it 's a piece of handiwork that shows its indie tatters and self-conscious seams in places , but has some quietly moving moments and an intelligent subtlety .",good
sst5_base_0679,"a welcome relief from baseball movies that try too hard to be mythic , this one is a sweet and modest and ultimately winning story .",good
sst5_base_0680,an energetic and engaging film that never pretends to be something it is n't .,good
sst5_base_0681,"i had more fun with ben stiller 's zoolander , which i thought was rather clever .",okay
sst5_base_0682,knows how to make our imagination wonder .,great
sst5_base_0683,"the slapstick is labored , and the bigger setpieces flat .",terrible
sst5_base_0684,a lot smarter than your average bond .,good
sst5_base_0685,a tasty slice of droll whimsy .,okay
sst5_base_0686,lacks the inspiration of the original and has a bloated plot that stretches the running time about 10 minutes past a child 's interest and an adult 's patience .,terrible
sst5_base_0687,"a minor work yet there 's no denying the potency of miller 's strange , fleeting brew of hopeful perseverance and hopeless closure .",okay
sst5_base_0688,"beautifully shot , delicately scored and powered by a set of heartfelt performances , it 's a lyrical endeavour .",great
sst5_base_0689,"perry 's good and his is an interesting character , but `` serving sara '' has n't much more to serve than silly fluff .",bad
sst5_base_0690,"a fine effort , an interesting topic , some intriguing characters and a sad ending .",good
sst5_base_0691,the film 's unhurried pace is actually one of its strengths .,good
sst5_base_0692,an unintentional parody of every teen movie made in the last five years .,okay
sst5_base_0693,the whole mess boils down to a transparently hypocritical work that feels as though it 's trying to set the women 's liberation movement back 20 years . ',terrible
sst5_base_0694,... a triumph of emotionally and narratively complex filmmaking .,great
sst5_base_0695,"... a story , an old and scary one , about the monsters we make , and the vengeance they take .",okay
sst5_base_0696,"though writer\/director bart freundlich 's film ultimately becomes a simplistic story about a dysfunctional parent-child relationship , it has some special qualities and the soulful gravity of crudup 's anchoring performance .",good
sst5_base_0697,... a hokey piece of nonsense that tries too hard to be emotional .,terrible
sst5_base_0698,"it 's sweet and fluffy at the time , but it may leave you feeling a little sticky and unsatisfied .",bad
sst5_base_0699,an intelligent romantic thriller of a very old-school kind of quality .,good
sst5_base_0700,michele is a such a brainless flibbertigibbet that it 's hard to take her spiritual quest at all seriously .,bad
sst5_base_0701,so purely enjoyable that you might not even notice it 's a fairly straightforward remake of hollywood comedies such as father of the bride .,good
sst5_base_0702,"it 's simply stupid , irrelevant and deeply , truly , bottomlessly cynical .",terrible
sst5_base_0703,michael moore 's latest documentary about america 's thirst for violence is his best film yet ...,great
sst5_base_0704,"sensual , funny and , in the end , very touching .",great
sst5_base_0705,"it is sentimental but feels free to offend , is analytical and then surrenders to the illogic of its characters , is about grief and yet permits laughter .",great
sst5_base_0706,the obnoxious title character provides the drama that gives added clout to this doc .,good
sst5_base_0707,a quietly moving look back at what it was to be iranian-american in 1979 .,good
sst5_base_0708,"a long , dull procession of despair , set to cello music culled from a minimalist funeral .",terrible
sst5_base_0709,"a mess , but it 's a sincere mess .",okay
sst5_base_0710,how much you are moved by the emotional tumult of -lrb- françois and michèle 's -rrb- relationship depends a lot on how interesting and likable you find them .,okay
sst5_base_0711,the master of disguise represents adam sandler 's latest attempt to dumb down the universe .,bad
sst5_base_0712,"though frida is easier to swallow than julie taymor 's preposterous titus , the eye candy here lacks considerable brio .",bad
sst5_base_0713,it all seemed wasted like deniro 's once promising career and the once grand long beach boardwalk .,bad
sst5_base_0714,"the film is filled with humorous observations about the general absurdity of modern life as seen through the eyes outsiders , but deftly manages to avoid many of the condescending stereotypes that so often plague films dealing with the mentally ill .",good
sst5_base_0715,something has been lost in the translation ... another routine hollywood frightfest in which the slack execution italicizes the absurdity of the premise .,bad
sst5_base_0716,"its story about a young chinese woman , ah na , who has come to new york city to replace past tragedy with the american dream is one that any art-house moviegoer is likely to find compelling .",good
sst5_base_0717,the dangerous lives of altar boys ' take on adolescence feels painfully true .,good
sst5_base_0718,barrels along at the start before becoming mired in sentimentality .,okay
sst5_base_0719,"a terrific b movie -- in fact , the best in recent memory .",great
sst5_base_0720,` sophisticated ' viewers who refuse to admit that they do n't like it will likely call it ` challenging ' to their fellow sophisticates .,okay
sst5_base_0721,translating complex characters from novels to the big screen is an impossible task but they are true to the essence of what it is to be ya-ya .,good
sst5_base_0722,it 's touching and tender and proves that even in sorrow you can find humor .,good
sst5_base_0723,"it 's a lovely , eerie film that casts an odd , rapt spell .",great
sst5_base_0724,it 's not hateful .,okay
sst5_base_0725,the best thing i can say about this film is that i ca n't wait to see what the director does next .,great
sst5_base_0726,the movie plays up the cartoon 's more obvious strength of snazziness while neglecting its less conspicuous writing strength .,okay
sst5_base_0727,"we never feel anything for these characters , and as a result the film is basically just a curiosity .",bad
sst5_base_0728,"effective in all its aspects , margarita happy hour represents an auspicious feature debut for chaiken .",great
sst5_base_0729,my own minority report is that it stinks .,terrible
sst5_base_0730,the only type of lives this glossy comedy-drama resembles are ones in formulaic mainstream movies .,bad
sst5_base_0731,"eddie murphy and owen wilson have a cute partnership in i spy , but the movie around them is so often nearly nothing that their charm does n't do a load of good .",bad
sst5_base_0732,"a wild , endearing , masterful documentary .",great
sst5_base_0733,"definitely funny stuff , but it 's more of the ` laughing at ' variety than the ` laughing with . '",good
sst5_base_0734,"though the film is static , its writer-director 's heart is in the right place , his plea for democracy and civic action laudable .",good
sst5_base_0735,an undistinguished attempt to make a classic theater piece cinematic .,terrible
sst5_base_0736,the lousy john q all but spits out denzel washington 's fine performance in the title role .,bad
sst5_base_0737,"hatosy ... portrays young brendan with his usual intelligence and subtlety , not to mention a convincing brogue .",good
sst5_base_0738,"american and european cinema has amassed a vast holocaust literature , but it is impossible to think of any film more challenging or depressing than the grey zone .",bad
sst5_base_0739,"i found the ring moderately absorbing , largely for its elegantly colorful look and sound .",good
sst5_base_0740,"while this film has an ` a ' list cast and some strong supporting players , the tale -- like its central figure , vivi -- is just a little bit hard to love .",bad
sst5_base_0741,they can and will turn on a dime from oddly humorous to tediously sentimental .,good
sst5_base_0742,"despite suffering a sense-of-humour failure , the man who wrote rocky does not deserve to go down with a ship as leaky as this .",bad
sst5_base_0743,the most horrific movie experience i 've had since `` ca n't stop the music . '',terrible
sst5_base_0744,"while broomfield 's film does n't capture the effect of these tragic deaths on hip-hop culture , it succeeds as a powerful look at a failure of our justice system .",good
sst5_base_0745,"best of all is garcia , who perfectly portrays the desperation of a very insecure man .",great
sst5_base_0746,it 's petty thievery like this that puts flimsy flicks like this behind bars,terrible
sst5_base_0747,it 's a feel-good movie about which you can actually feel good .,great
sst5_base_0748,"they 're the unnamed , easily substitutable forces that serve as whatever terror the heroes of horror movies try to avoid .",bad
sst5_base_0749,it may play well as a double feature with mainstream foreign mush like my big fat greek wedding,okay
sst5_base_0750,"by the time it ends in a rush of sequins , flashbulbs , blaring brass and back-stabbing babes , it has said plenty about how show business has infiltrated every corner of society -- and not always for the better .",okay
sst5_base_0751,"there might be some sort of credible gender-provoking philosophy submerged here , but who the hell cares ?",bad
sst5_base_0752,highly engaging .,great
sst5_base_0753,"the sweetest thing , a romantic comedy with outrageous tendencies , may be a mess in a lot of ways .",okay
sst5_base_0754,"blue crush has all the trappings of an energetic , extreme-sports adventure , but ends up more of a creaky `` pretty woman '' retread , with the emphasis on self-empowering schmaltz and big-wave surfing that gives pic its title an afterthought .",bad
sst5_base_0755,"take care is nicely performed by a quintet of actresses , but nonetheless it drags during its 112-minute length .",bad
sst5_base_0756,"it cooks conduct in a low , smoky and inviting sizzle .",good
sst5_base_0757,"personally , i 'd rather watch them on the animal planet .",terrible
sst5_base_0758,"winds up being both revelatory and narcissistic , achieving some honest insight into relationships that most high-concept films candy-coat with pat storylines , precious circumstances and beautiful stars .",good
sst5_base_0759,bad company .,bad
sst5_base_0760,buy popcorn .,okay
sst5_base_0761,the movie is without intent .,bad
sst5_base_0762,"the story that emerges has elements of romance , tragedy and even silent-movie comedy .",good
sst5_base_0763,skillfully weaves both the elements of the plot and a powerfully evocative mood combining heated sexuality with a haunting sense of malaise .,great
sst5_base_0764,"at times , the movie looks genuinely pretty .",great
sst5_base_0765,"die another day is only intermittently entertaining but it 's hard not to be a sucker for its charms , or perhaps it 's just impossible not to feel nostalgia for movies you grew up with .",okay
sst5_base_0766,"with an admirably dark first script by brent hanley , paxton , making his directorial feature debut , does strong , measured work .",great
sst5_base_0767,"it 's an unusual , thoughtful bio-drama with a rich subject and some fantastic moments and scenes .",okay
sst5_base_0768,"all the pieces fall together without much surprise , but little moments give it a boost .",good
sst5_base_0769,the movie 's blatant derivativeness is one reason it 's so lackluster .,bad
sst5_base_0770,"smith examines the intimate , unguarded moments of folks who live in unusual homes -- which pop up in nearly every corner of the country .",good
sst5_base_0771,ice age posits a heretofore unfathomable question : is it possible for computer-generated characters to go through the motions ?,okay
sst5_base_0772,"leading a double life in an american film only comes to no good , but not here .",okay
sst5_base_0773,who knew ...,okay
sst5_base_0774,one of the best of a growing strain of daring films ... that argue that any sexual relationship that does n't hurt anyone and works for its participants is a relationship that is worthy of our respect .,good
sst5_base_0775,"stevens has a flair for dialogue comedy , the film operates nicely off the element of surprise , and the large cast is solid .",great
sst5_base_0776,do n't let the subtitles fool you ; the movie only proves that hollywood no longer has a monopoly on mindless action .,bad
sst5_base_0777,but they do n't fit well together and neither is well told .,bad
sst5_base_0778,i 'm not sure which will take longer to heal : the welt on johnny knoxville 's stomach from a riot-control projectile or my own tortured psyche .,terrible
sst5_base_0779,"-lrb- swimfan -rrb- falls victim to sloppy plotting , an insultingly unbelievable final act and a villainess who is too crazy to be interesting .",terrible
sst5_base_0780,"a sexy , peculiar and always entertaining costume drama set in renaissance spain , and the fact that it 's based on true events somehow makes it all the more compelling .",great
sst5_base_0781,"-lrb- janey -rrb- forgets about her other obligations , leading to a tragedy which is somehow guessable from the first few minutes , maybe because it echoes the by now intolerable morbidity of so many recent movies .",bad
sst5_base_0782,the cumulative effect of the movie is repulsive and depressing .,terrible
sst5_base_0783,"this is lightweight filmmaking , to be sure , but it 's pleasant enough -- and oozing with attractive men .",good
sst5_base_0784,"stinks from start to finish , like a wet burlap sack of gloom .",bad
sst5_base_0785,a tone poem of transgression .,good
sst5_base_0786,the characters are paper thin and the plot is so cliched and contrived that it makes your least favorite james bond movie seem as cleverly plotted as the usual suspects .,terrible
sst5_base_0787,"adrift , bentley and hudson stare and sniffle , respectively , as ledger attempts , in vain , to prove that movie-star intensity can overcome bad hair design .",bad
sst5_base_0788,one ca n't deny its seriousness and quality .,good
sst5_base_0789,"seeing seinfeld at home as he watches his own appearance on letterman with a clinical eye reminds you that the key to stand-up is to always make it look easy , even though the reality is anything but .",okay
sst5_base_0790,an amused indictment of jaglom 's own profession .,good
sst5_base_0791,"so earnest and well-meaning , and so stocked with talent , that you almost forget the sheer , ponderous awfulness of its script .",okay
sst5_base_0792,they threw loads of money at an idea that should 've been so much more even if it was only made for teenage boys and wrestling fans .,bad
sst5_base_0793,"with miscast leads , banal dialogue and an absurdly overblown climax , killing me softly belongs firmly in the so-bad-it 's - good camp .",okay
sst5_base_0794,"jagger , stoppard and director michael apted ... deliver a riveting and surprisingly romantic ride .",great
sst5_base_0795,"` it 's better to go in knowing full well what 's going to happen , but willing to let the earnestness of its execution and skill of its cast take you down a familiar road with a few twists .",good
sst5_base_0796,"starts out mediocre , spirals downward , and thuds to the bottom of the pool with an utterly incompetent conclusion .",terrible
sst5_base_0797,... either you 're willing to go with this claustrophobic concept or you 're not .,okay
sst5_base_0798,"it 's a hoot watching the rock chomp on jumbo ants , pull an arrow out of his back , and leap unscathed through raging fire !",great
sst5_base_0799,"it 's so tedious that it makes you forgive every fake , dishonest , entertaining and , ultimately , more perceptive moment in bridget jones 's diary .",bad
sst5_base_0800,more of an intriguing curiosity than a gripping thriller .,okay
sst5_base_0801,everyone 's to blame here .,bad
sst5_base_0802,routine and rather silly .,okay
sst5_base_0803,"measured against practically any like-themed film other than its oscar-sweeping franchise predecessor the silence of the lambs , red dragon rates as an exceptional thriller .",great
sst5_base_0804,the dirty jokes provide the funniest moments in this oddly sweet comedy about jokester highway patrolmen .,good
sst5_base_0805,one suspects that craven endorses they simply because this movie makes his own look much better by comparison .,bad
sst5_base_0806,"though it 's not very well shot or composed or edited , the score is too insistent and the dialogue is frequently overwrought and crudely literal , the film shatters you in waves .",bad
sst5_base_0807,"this is the sort of low-grade dreck that usually goes straight to video -- with a lousy script , inept direction , pathetic acting , poorly dubbed dialogue and murky cinematography , complete with visible boom mikes .",terrible
sst5_base_0808,"assured , glossy and shot through with brittle desperation .",good
sst5_base_0809,waydowntown manages to nail the spirit-crushing ennui of denuded urban living without giving in to it .,good
sst5_base_0810,a disturbing examination of what appears to be the definition of a ` bad ' police shooting .,okay
sst5_base_0811,an absorbing and unsettling psychological drama .,good
sst5_base_0812,"the cinematic equivalent of patronizing a bar favored by pretentious , untalented artistes who enjoy moaning about their cruel fate .",bad
sst5_base_0813,goes a long way on hedonistic gusto .,okay
sst5_base_0814,craig bartlett and director tuck tucker should be commended for illustrating the merits of fighting hard for something that really matters .,good
sst5_base_0815,"with this masterful , flawless film , -lrb- wang -rrb- emerges in the front ranks of china 's now numerous , world-renowned filmmakers .",great
sst5_base_0816,nothing short of wonderful with its ten-year-old female protagonist and its steadfast refusal to set up a dualistic battle between good and evil .,great
sst5_base_0817,"-lrb- caine -rrb- proves once again he has n't lost his touch , bringing off a superb performance in an admittedly middling film .",good
sst5_base_0818,"not everything in this ambitious comic escapade works , but coppola , along with his sister , sofia , is a real filmmaker .",good
sst5_base_0819,"much has been written about those years when the psychedelic '60s grooved over into the gay '70s , but words do n't really do the era justice .",good
sst5_base_0820,just offbeat enough to keep you interested without coming close to bowling you over .,good
sst5_base_0821,time of favor could have given audiences the time of day by concentrating on the elements of a revealing alienation among a culture of people who sadly are at hostile odds with one another through recklessness and retaliation .,bad
sst5_base_0822,"it 's the kind of movie that , aside from robert altman , spike lee , the coen brothers and a few others , our moviemakers do n't make often enough .",great
sst5_base_0823,the results are far more alienating than involving .,bad
sst5_base_0824,it 's never dull and always looks good .,great
sst5_base_0825,the trials of henry kissinger is a remarkable piece of filmmaking ... because you get it .,great
sst5_base_0826,i wish windtalkers had had more faith in the dramatic potential of this true story .,okay
sst5_base_0827,the slam-bang superheroics are kinetic enough to engross even the most antsy youngsters .,great
sst5_base_0828,well-meant but unoriginal .,bad
sst5_base_0829,the movie just has too much on its plate to really stay afloat for its just under ninety minute running time .,okay
sst5_base_0830,the irony is that this film 's cast is uniformly superb ; their performances could have -- should have -- been allowed to stand on their own .,good
sst5_base_0831,"by applying definition to both sides of the man , the picture realizes a fullness that does not negate the subject .",good
sst5_base_0832,the film presents visceral and dangerously honest revelations about the men and machines behind the curtains of our planet .,good
sst5_base_0833,"peralta 's mythmaking could have used some informed , adult hindsight .",okay
sst5_base_0834,"weaver and lapaglia are both excellent , in the kind of low-key way that allows us to forget that they are actually movie folk .",great
sst5_base_0835,gets bogged down by an overly sillified plot and stop-and-start pacing .,bad
sst5_base_0836,reggio and glass put on an intoxicating show .,good
sst5_base_0837,"unfunny and lacking any sense of commitment to or affection for its characters , the reginald hudlin comedy relies on toilet humor , ethnic slurs .",terrible
sst5_base_0838,"-lrb- johnnie to and wai ka fai are -rrb- sure to find an enthusiastic audience among american action-adventure buffs , but the film 's interests may be too narrow to attract crossover viewers .",bad
sst5_base_0839,"a beautiful , entertaining two hours .",great
sst5_base_0840,`` one look at a girl in tight pants and big tits and you turn stupid ? '',bad
sst5_base_0841,the first fatal attraction was vile enough .,terrible
sst5_base_0842,those with a modicum of patience will find in these characters ' foibles a timeless and unique perspective .,good
sst5_base_0843,a faster paced family flick .,good
sst5_base_0844,"overall , interesting as a documentary -- but not very imaxy .",okay
sst5_base_0845,a sometimes incisive and sensitive portrait that is undercut by its awkward structure and a final veering toward melodrama .,bad
sst5_base_0846,"eight legged freaks is clever and funny , is amused by its special effects , and leaves you feeling like you 've seen a movie instead of an endless trailer .",good
sst5_base_0847,"a distinctly minor effort that will be seen to better advantage on cable , especially considering its barely feature-length running time of one hour .",bad
sst5_base_0848,"delivers the sexy razzle-dazzle that everyone , especially movie musical fans , has been hoping for .",good
sst5_base_0849,"while bollywood\/hollywood will undoubtedly provide its keenest pleasures to those familiar with bombay musicals , it also has plenty for those -lrb- like me -rrb- who are n't .",good
sst5_base_0850,until its final minutes this is a perceptive study of two families in crisis -- and of two girls whose friendship is severely tested by bad luck and their own immaturity .,bad
sst5_base_0851,stage director sam mendes showcases tom hanks as a depression era hit-man in this dark tale of revenge .,good
sst5_base_0852,"the idea is more interesting than the screenplay , which lags badly in the middle and lurches between not-very-funny comedy , unconvincing dramatics and some last-minute action strongly reminiscent of run lola run .",bad
sst5_base_0853,"an awful lot like one of -lrb- spears ' -rrb- music videos in content -- except that it goes on for at least 90 more minutes and , worse , that you have to pay if you want to see it .",terrible
sst5_base_0854,the trappings of i spy are so familiar you might as well be watching a rerun .,bad
sst5_base_0855,"spielberg 's first real masterpiece , it deserved all the hearts it won -- and wins still , 20 years later .",great
sst5_base_0856,it 's uninteresting .,terrible
sst5_base_0857,it leaves little doubt that kidman has become one of our best actors .,great
sst5_base_0858,"in other words , about as bad a film you 're likely to see all year .",terrible
sst5_base_0859,would n't it be funny if a bunch of allied soldiers went undercover as women in a german factory during world war ii ?,okay
sst5_base_0860,the best thing that can be said of the picture is that it does have a few cute moments .,okay
sst5_base_0861,"with three excellent principal singers , a youthful and good-looking diva and tenor and richly handsome locations , it 's enough to make you wish jacquot had left well enough alone and just filmed the opera without all these distortions of perspective .",okay
sst5_base_0862,"the direction , by george hickenlooper , has no snap to it , no wiseacre crackle or hard-bitten cynicism .",bad
sst5_base_0863,snipes relies too much on a scorchingly plotted dramatic scenario for its own good .,okay
sst5_base_0864,"short-story quaint , touchingly mending a child 's pain for his dead mother via communication with an old woman straight out of eudora welty .",good
sst5_base_0865,"with an unflappable air of decadent urbanity , everett remains a perfect wildean actor , and a relaxed firth displays impeccable comic skill .",great
sst5_base_0866,"merely -lrb- and literally -rrb- tosses around sex toys and offers half-hearted paeans to empowerment that are repeatedly undercut by the brutality of the jokes , most at women 's expense .",terrible
sst5_base_0867,its rawness and vitality give it considerable punch .,good
sst5_base_0868,"even if you 've seen `` stomp '' -lrb- the stage show -rrb- , you still have to see this !",great
sst5_base_0869,the vistas are sweeping and the acting is far from painful .,okay
sst5_base_0870,"at 90 minutes this movie is short , but it feels much longer .",bad
sst5_base_0871,"films about loss , grief and recovery are pretty valuable these days .",good
sst5_base_0872,"while it may not add up to the sum of its parts , holofcener 's film offers just enough insight to keep it from being simpleminded , and the ensemble cast is engaging enough to keep you from shifting in your chair too often .",good
sst5_base_0873,"a sexy , surprising romance ... idemoto and kim make a gorgeous pair ... their scenes brim with sexual possibility and emotional danger .",great
sst5_base_0874,spare but quietly effective retelling .,good
sst5_base_0875,an incredibly narrow in-joke targeted to the tiniest segment of an already obscure demographic .,bad
sst5_base_0876,"the journey is worth your time , especially if you have ellen pompeo sitting next to you for the ride .",good
sst5_base_0877,touché !,okay
sst5_base_0878,"pure of intention and passably diverting , his secret life is light , innocuous and unremarkable .",okay
sst5_base_0879,"short and sweet , but also more than anything else slight ... tadpole pulls back from the consequences of its own actions and revelations .",good
sst5_base_0880,"directed with purpose and finesse by england 's roger mitchell , who handily makes the move from pleasing , relatively lightweight commercial fare such as notting hill to commercial fare with real thematic heft .",great
sst5_base_0881,"miyazaki has created such a vibrant , colorful world , it 's almost impossible not to be swept away by the sheer beauty of his images .",great
sst5_base_0882,"it is bad , but certainly not without merit as entertainment .",bad
sst5_base_0883,a dopey movie clothed in excess layers of hipness .,okay
sst5_base_0884,woody allen can write and deliver a one liner as well as anybody .,great
sst5_base_0885,"for those of us who respond more strongly to storytelling than computer-generated effects , the new star wars installment has n't escaped the rut dug by the last one .",bad
sst5_base_0886,a damn fine and a truly distinctive and a deeply pertinent film .,great
sst5_base_0887,"the setting turns out to be more interesting than any of the character dramas , which never reach satisfying conclusions .",bad
sst5_base_0888,"what i saw , i enjoyed .",great
sst5_base_0889,puts a refreshing and comical spin on the all-too-familiar saga of the contemporary single woman .,good
sst5_base_0890,"the problem is that for the most part , the film is deadly dull .",terrible
sst5_base_0891,"lohman adapts to the changes required of her , but the actress and director peter kosminsky never get the audience to break through the wall her character erects",okay
sst5_base_0892,"not everything in the film works , including its somewhat convenient ending .",okay
sst5_base_0893,"the color sense of stuart little 2 is its most immediate and most obvious pleasure , but it would count for very little if the movie were n't as beautifully shaped and as delicately calibrated in tone as it is .",good
sst5_base_0894,a savage john waters-like humor that dances on the edge of tastelessness without ever quite falling over .,okay
sst5_base_0895,"it 's enough to watch huppert scheming , with her small , intelligent eyes as steady as any noir villain , and to enjoy the perfectly pitched web of tension that chabrol spins .",good
sst5_base_0896,a chick flick for guys .,okay
sst5_base_0897,darkly funny and frequently insightful .,great
sst5_base_0898,"for a film that celebrates radical , nonconformist values , what to do in case of fire ?",okay
sst5_base_0899,why anyone who is not a character in this movie should care is beyond me .,terrible
sst5_base_0900,"interminably bleak , to say nothing of boring .",terrible
sst5_base_0901,"well , in some of those , the mother deer even dies .",bad
sst5_base_0902,"the problem is not that it 's all derivative , because plenty of funny movies recycle old tropes .",okay
sst5_base_0903,that 's its first sign of trouble .,bad
sst5_base_0904,"sean penn , you owe nicolas cage an apology .",okay
sst5_base_0905,"its compelling mix of trial movie , escape movie and unexpected fable ensures the film never feels draggy .",good
sst5_base_0906,jam-packed with literally bruising jokes .,okay
sst5_base_0907,an entertaining mix of period drama and flat-out farce that should please history fans .,good
sst5_base_0908,"bisset delivers a game performance , but she is unable to save the movie .",okay
sst5_base_0909,nicks and steinberg match their own creations for pure venality -- that 's giving it the old college try .,bad
sst5_base_0910,"a pretty decent kid-pleasing , tolerable-to-adults lark of a movie .",good
sst5_base_0911,"this chicago has hugely imaginative and successful casting to its great credit , as well as one terrific score and attitude to spare .",great
sst5_base_0912,simply and eloquently articulates the tangled feelings of particular new yorkers deeply touched by an unprecedented tragedy .,great
sst5_base_0913,is there a group of more self-absorbed women than the mother and daughters featured in this film ?,terrible
sst5_base_0914,you 'll feel like you ate a reeses without the peanut butter ... ',bad
sst5_base_0915,it somehow managed to make its way past my crappola radar and find a small place in my heart,okay
sst5_base_0916,"forget the misleading title , what 's with the unexplained baboon cameo ?",bad
sst5_base_0917,"neither quite a comedy nor a romance , more of an impish divertissement of themes that interest attal and gainsbourg -- they live together -- the film has a lot of charm .",good
sst5_base_0918,feels familiar and tired .,bad
sst5_base_0919,"a cross between blow and boyz n the hood , this movie strives to be more , but does n't quite get there .",bad
sst5_base_0920,"a quaint , romanticized rendering .",good
sst5_base_0921,worth catching for griffiths ' warm and winning central performance .,good
sst5_base_0922,... an adorably whimsical comedy that deserves more than a passing twinkle .,good
sst5_base_0923,"scenario that will give most parents pause ... then , something terrible happens .",okay
sst5_base_0924,a film that begins with the everyday lives of naval personnel in san diego and ends with scenes so true and heartbreaking that tears welled up in my eyes both times i saw the film .,great
sst5_base_0925,the rock has a great presence but one battle after another is not the same as one battle followed by killer cgi effects .,okay
sst5_base_0926,many of benjamins ' elements feel like they 've been patched in from an episode of miami vice .,okay
sst5_base_0927,"this picture is murder by numbers , and as easy to be bored by as your abc 's , despite a few whopping shootouts .",terrible
sst5_base_0928,paxton 's uneven directorial debut fails to unlock the full potential of what is in many ways a fresh and dramatically substantial spin on the genre .,okay
sst5_base_0929,"the movie barely makes sense , with its unbelievable naïveté and arbitrary flashbacks .",terrible
sst5_base_0930,"the problem with the bread , my sweet is that it 's far too sentimental .",bad
sst5_base_0931,"you leave the same way you came -- a few tasty morsels under your belt , but no new friends .",bad
sst5_base_0932,the movie 's progression into rambling incoherence gives new meaning to the phrase ` fatal script error . ',terrible
sst5_base_0933,it 's sort of a 21st century morality play with a latino hip hop beat .,good
sst5_base_0934,"goldbacher draws on an elegant visual sense and a talent for easy , seductive pacing ... but she and writing partner laurence coriat do n't manage an equally assured narrative coinage .",good
sst5_base_0935,"max pokes , provokes , takes expressionistic license and hits a nerve ... as far as art is concerned , it 's mission accomplished .",good
sst5_base_0936,"for a story set at sea , ghost ship is pretty landbound , with its leaden acting , dull exposition and telegraphed ` surprises . '",terrible
sst5_base_0937,"sweet gentle jesus , did the screenwriters just do a cut-and-paste of every bad action-movie line in history ?",bad
sst5_base_0938,avary 's film never quite emerges from the shadow of ellis ' book .,okay
sst5_base_0939,"the movie is hardly a masterpiece , but it does mark ms. bullock 's best work in some time .",good
sst5_base_0940,it must be the end of the world : the best film so far this year is a franchise sequel starring wesley snipes .,good
sst5_base_0941,whether you like it or not is basically a matter of taste .,okay
sst5_base_0942,the master of disguise is awful .,terrible
sst5_base_0943,manages to delight without much of a story .,good
sst5_base_0944,mildly amusing .,okay
sst5_base_0945,count on his movie to work at the back of your neck long after you leave the theater .,okay
sst5_base_0946,"it does n't reach them , but the effort is gratefully received .",good
sst5_base_0947,"... spiced with humor -lrb- ' i speak fluent flatula , ' advises denlopp after a rather , er , bubbly exchange with an alien deckhand -rrb- and witty updatings -lrb- silver 's parrot has been replaced with morph , a cute alien creature who mimics everyone and everything around -rrb-",good
sst5_base_0948,kinnear and dafoe give what may be the performances of their careers .,great
sst5_base_0949,"the movie is our story as much as it is schmidt 's , no matter if it 's viewed as a self-reflection or cautionary tale .",okay
sst5_base_0950,"for all the dolorous trim , secretary is a genial romance that maintains a surprisingly buoyant tone throughout , notwithstanding some of the writers ' sporadic dips into pop freudianism .",good
sst5_base_0951,but it was n't .,bad
sst5_base_0952,offers laughs and insight into one of the toughest ages a kid can go through .,good
sst5_base_0953,the film is so bad it does n't improve upon the experience of staring at a blank screen .,terrible
sst5_base_0954,-lrb- a -rrb- slummer .,bad
sst5_base_0955,"the pacing is deadly , the narration helps little and naipaul , a juicy writer , is negated .",terrible
sst5_base_0956,"flat , misguided comedy .",bad
sst5_base_0957,fudges fact and fancy with such confidence that we feel as if we 're seeing something purer than the real thing .,great
sst5_base_0958,"viewed as a comedy , a romance , a fairy tale , or a drama , there 's nothing remotely triumphant about this motion picture .",okay
sst5_base_0959,"the charm of the first movie is still there , and the story feels like the logical , unforced continuation of the careers of a pair of spy kids .",good
sst5_base_0960,"the movie spends more time with schneider than with newcomer mcadams , even though her performance is more interesting -lrb- and funnier -rrb- than his .",bad
sst5_base_0961,rabbit-proof fence will probably make you angry .,okay
sst5_base_0962,what can one say about a balding 50-year-old actor playing an innocent boy carved from a log ?,okay
sst5_base_0963,"if divine secrets of the ya-ya sisterhood suffers from a ploddingly melodramatic structure , it comes to life in the performances .",bad
sst5_base_0964,... its solemn pretension prevents us from sharing the awe in which it holds itself .,bad
sst5_base_0965,easily one of the best and most exciting movies of the year .,great
sst5_base_0966,suffers from unlikable characters and a self-conscious sense of its own quirky hipness .,terrible
sst5_base_0967,who are ` they ' ?,okay
sst5_base_0968,the umpteenth summer skinny dip in jerry bruckheimer 's putrid pond of retread action twaddle .,okay
sst5_base_0969,"the band performances featured in drumline are red hot ... -lrb- but -rrb- from a mere story point of view , the film 's ice cold .",okay
sst5_base_0970,a jaw-droppingly beautiful work that upends nearly every cliché of japanese animation while delivering a more than satisfactory amount of carnage .,great
sst5_base_0971,"a compassionate , moving portrait of an american -lrb- and an america -rrb- always reaching for something just outside his grasp .",great
sst5_base_0972,"it challenges , this nervy oddity , like modern art should .",good
sst5_base_0973,"once one experiences mr. haneke 's own sadistic tendencies toward his audience , one is left with a sour taste in one 's mouth , and little else .",terrible
sst5_base_0974,"purposefully shocking in its eroticized gore , if unintentionally dull in its lack of poetic frissons .",terrible
sst5_base_0975,"by turns gripping , amusing , tender and heart-wrenching , laissez-passer has all the earmarks of french cinema at its best .",good
sst5_base_0976,"borstal boy represents the worst kind of filmmaking , the kind that pretends to be passionate and truthful but is really frustratingly timid and soggy .",terrible
sst5_base_0977,c'mon !,okay
sst5_base_0978,paul bettany is cool .,good
sst5_base_0979,"blade ii has a brilliant director and charismatic star , but it suffers from rampant vampire devaluation .",okay
sst5_base_0980,"its strengths and weaknesses play off each other virtually to a stand-off , with the unfortunate trump card being the dreary mid-section of the film .",okay
sst5_base_0981,sleek and arty .,good
sst5_base_0982,most of the things that made the original men in black such a pleasure are still there .,good
sst5_base_0983,"eastwood winces , clutches his chest and gasps for breath .",okay
sst5_base_0984,but it does n't leave you with much .,bad
sst5_base_0985,"a heady , biting , be-bop ride through nighttime manhattan , a loquacious videologue of the modern male and the lengths to which he 'll go to weave a protective cocoon around his own ego .",good
sst5_base_0986,a lovely and beautifully photographed romance .,good
sst5_base_0987,"this is a third-person story now , told by hollywood , and much more ordinary for it .",bad
sst5_base_0988,"the characters ... are paper-thin , and their personalities undergo radical changes when it suits the script .",terrible
sst5_base_0989,"assayas ' ambitious , sometimes beautiful adaptation of jacques chardonne 's novel .",good
sst5_base_0990,"-lrb- the kid 's -rrb- just too bratty for sympathy , and as the film grows to its finale , his little changes ring hollow .",bad
sst5_base_0991,"at times , it actually hurts to watch .",terrible
sst5_base_0992,barry sonnenfeld owes frank the pug big time,okay
sst5_base_0993,richly entertaining and suggestive of any number of metaphorical readings .,great
sst5_base_0994,speaks eloquently about the symbiotic relationship between art and life .,great
sst5_base_0995,"what 's most offensive is n't the waste of a good cast , but the film 's denial of sincere grief and mourning in favor of bogus spiritualism .",terrible
sst5_base_0996,"highlighted by a gritty style and an excellent cast , it 's better than one might expect when you look at the list of movies starring ice-t in a major role .",good
sst5_base_0997,"you come away from his film overwhelmed , hopeful and , perhaps paradoxically , illuminated .",good
sst5_base_0998,"a pleasing , often-funny comedy .",good
sst5_base_0999,the importance of being earnest movie seems to be missing a great deal of the acerbic repartee of the play . '',bad
sst5_base_1000,together -lrb- time out and human resources -rrb- establish mr. cantet as france 's foremost cinematic poet of the workplace .,good
