row_id,text,label
ag_news_base_0001,"The post-race analysis: Chinese Grand Prix Overall results in China last weekend were disappointing, but Fernandos fourth place finish was an extremely impressive drive in a tricky car.",Sports
ag_news_base_0002,"PeopleSoft fires CEO Conway Board cites ""lack of confidence"" in Craig Conway as software maker battles a hostile takeover.",Tech
ag_news_base_0003,Pistons Coach Brown Returns to Bench (AP) AP - Detroit Pistons coach Larry Brown returned to the bench Wednesday night against the Minnesota Timberwolves after missing two weeks due to hip surgery.,Sports
ag_news_base_0004,Negotiations Seek End to IRA Threat (AP) AP - The British and Irish governments summoned rival Northern Ireland parties to a moat-surrounded castle Thursday in hopes of crafting a new peace deal for the British territory.,World
ag_news_base_0005,"Players fit to drop, warns Rusedski The news that Tim Henman is on the road to recovery from his magnesium deficiency will have come as good news to his followers in Switzerland - and after Roger Federer #39;s last-minute withdrawal",Sports
ag_news_base_0006,"Ichiro gets one more hit as M #39;s play spoiler against Rangers ARLINGTON, Texas - The Texas Rangers might not be in a must-win situation yet, but they #39;re hurting their playoff chances with each loss.",Sports
ag_news_base_0007,"US retail sales up 0.1 per cent in November US retail sales in November were up 0.1 per cent from the previous month, slightly higher than expected. Sales were 7.2 per cent up on the same month last year, according to advance estimates",Business
ag_news_base_0008,Fed Express runs down Paradorn Roger Federer will bid for his 10th title of the season later today (Sunday) when he faces big-serving rival Andy Roddick in the final of the Thailand Open in Bangkok.,Sports
ag_news_base_0009,"Buy Now, Buy Often, but Make a Good Deal Baseball's winter meeting will run through the weekend and could lead to any number of trades and free-agent signings.",Sports
ag_news_base_0010,"Cendant to buy Orbitz for \$1.25B Travel and real estate conglomerate Cendant Corp. said Wednesday it will buy travel Web site Orbitz Inc. for about \$1.25 billion, making it the No.",Business
ag_news_base_0011,"Howe twists in the wind In recent weeks, the question of Art Howe #39;s firing by the Mets has always been more about when the ax would fall, not if, and even the manager seemed resigned to his fate before last night #39;s doubleheader against the Braves at Shea Stadium.",Sports
ag_news_base_0012,Citigroup Takes On Intel The financial services giant takes over non-memory semiconductor chip production.,Business
ag_news_base_0013,Houston vs. Indianapolis INDIANAPOLIS (Ticker) -- David Carr would like to finally get a win against Peyton Manning and the Indianapolis Colts Sunday when the AFC South teams meet for the first time this season.,Sports
ag_news_base_0014,"At Tense Syria-Iraq Border, American Forces Are Battling Insurgents Every Day Syrians say they have begun a serious effort to tighten security and prevent rebels from crossing their 400-mile border with Iraq.",World
ag_news_base_0015,"Wake Forest #39;s chances could rest on player with  #39;cat burglar #39; &lt;b&gt;...&lt;/b&gt; One mention of the term  quot;crunch time quot; is enough to twist some players #39; stomachs into knots.  quot;That #39;s when it #39;s fun to me, quot; he said.",Sports
ag_news_base_0016,"Thousands in Fla. Told to Flee Hurricane FORT PIERCE, Fla. - About three-quarters of a million residents of Florida's east coast were urged to evacuate - again - as Hurricane Jeanne churned westward Friday and threatened the state with its fourth pounding in six weeks...",World
ag_news_base_0017,"Garcia Wishes Owens Would Move On (AP) AP - Someday, Jeff Garcia and Terrell Owens may connect again. Someday, the former teammates may be able to talk, shake hands and repair their ruptured relationship. And maybe, just maybe, they can become friends again. Someday. Not this week.",Sports
ag_news_base_0018,Warning to child soldier scouts A human rights group urges the UN to take recruiters of child soldiers to the International Criminal Court.,World
ag_news_base_0019,South Korea and Japan urge Pyongyang to resume nuclear talks Leaders of Japan and South Korea have jointly urged North Korea to return to talks aimed at ending its nuclear weapons program. They agreed that imposing economic sanctions now on Pyongyang would thwart such efforts.,World
ag_news_base_0020,"Four Tied for Lead at Reno-Tahoe Open (AP) AP - Scott McCarron made four birdies in 12 holes, moving into a four-way tie for the lead in the second round of the Reno-Tahoe Open on Friday before thunderstorms forced play to be suspended.",Sports
ag_news_base_0021,"Argentine Protesters Want Mayor to Resign Argentines irate over perceived security lapses in a nightclub fire that killed 188 people, many of them teenagers, banged pots and pans in protest Monday and vowed to march against city officials.",World
ag_news_base_0022,"Chat with Jeremy Schaap On Saturday, Sept. 25, immediately following the premiere of ESPN #39;s new original movie, Hustle (ESPN, 9 pm ET), ESPN will air Hustle: The Pete Rose Debate, hosted by Jeremy Schaap.",Sports
ag_news_base_0023,"For Businesses, It #39;s Slow Going With Windows XP #39;s SP2 It could take months for many businesses to test and deploy Microsoft #39;s most-secure operating system. By John Foley. Despite the promise that Microsoft #39;s Windows XP Service Pack 2 release will make PCs more",Tech
ag_news_base_0024,"Drug: Test results excite Alpharetta maker Alpharetta-based AtheroGenics announced positive interim results Monday from a clinical trial of its drug to treat atherosclerosis, which leads to coronary heart disease.",Business
ag_news_base_0025,Loonie breaks 80 cents US A roaring jobs market in Canada and disappointing jobs data from the United States helped the Canadian dollar crack 80 cents US in trading yesterday for the first time in more than a decade.,Business
ag_news_base_0026,"Burmese junta frees 5,070 inmates Burma's ruling junta says it is releasing 5,070 prisoners who were arrested ""inappropriately"".",World
ag_news_base_0027,"Toffeemen  #39;ecstatic #39; with a point Everton boss David Moyes was full of praise for his hard-working side after Lee Carsley #39;s free-kick goal saw them claim a point from their visit to St James #39; Park yesterday, writes Miles Starforth.",Sports
ag_news_base_0028,Sirius goes stellar (Variety) Variety - NEW YORK -- Shares in Sirius Satellite Radio surged for a second day as investors flocked to the satcaster in the wake of the Howard Stern deal.,Tech
ag_news_base_0029,FCC boss chides ABC for racy MNF intro WASHINGTON - The nations chief media regulator expressed disappointment Wednesday over the steamy locker room opening to ABCs Monday Night Football broadcast.,Sports
ag_news_base_0030,"Iraq's Sadr Facing 'Final Hours' -Government  NAJAF, Iraq (Reuters) - Iraq's government warned Shi'ite  cleric Moqtada al-Sadr on Thursday he would face a military  strike within hours unless he ended his uprising, disarmed his  militia and quit a shrine in the city of Najaf.",World
ag_news_base_0031,"Rivals await Ford #39;s plans Ford Motor Co. of Canada #39;s rivals will be watching closely today as the automaker makes a widely-anticipated announcement confirming its plans to build a \$1-billion flexible manufacturing plant in Oakville, Ont.",Business
ag_news_base_0032,Chinese submarine puts Japan on Red alert JAPAN was on alert yesterday after a suspected Chinese nuclear submarine entered its territorial waters. The submarine was detected in Japanese waters near islands disputed with China about 300km southwest,World
ag_news_base_0033,"Notre Dame Trustee Raps Coach's Firing (AP) AP - Notre Dame mishandled the firing of Tyrone Willingham as football coach and is not doing a good job in its search for his replacement, board of trustees member Dave Duerson said Friday.",Sports
ag_news_base_0034,"TXU raises earnings outlook, dividend; to repurchase shares NEW YORK, October 25 (newratings.com) - TXU Corporation (TXU.NYS) has announced a new \$50 million share buyback programme, while more than tripling its quarterly dividend payout, leading to an annual rate of \$2.",Business
ag_news_base_0035,"Ghost in the Shell - SAC \\For the last few days I've been addicted to Ghost in the Shell - Stand Alone\Complex .  I'm not a huge Anime fan as everything I've ran across in the past\seems to target 15 year old girls.  SAC is clearly different and can stand\alongside the Matrix and any other major Science Fiction released in the last 10\years.\\SAC is set in the year 2030 - obviously there's been a great deal of\technological achievement since 2004 including ubiquitous Internet, AI, and\cybernetic enhancements.\\The main characters in the story all have cybernetic modifications ranging from\a few implants all the way up to entire body replacement.  The protagonist,\Major Motoko Kusanagi, is almost entirely cybernetic,  ...\\",Tech
ag_news_base_0036,"Wellesley makes good in overtime In a game filled with numerous opportunities, it was easy to understand the delay in celebrating when the winning goal was finally scored.",Sports
ag_news_base_0037,"Strong earthquake shakes northern Japan A strong earthquake with a preliminary magnitude of 5.2 has shaken northern Japan in the same region that was hit by a deadly tremor last month, but there are no immediate reports of serious injuries or damage.",World
ag_news_base_0038,Thatcher inquiry to question freed men Two South Africans acquitted by a Zimbabwean court of charges related to the alleged coup plot in Equatorial Guinea are to be questioned today by the South African authorities.,World
ag_news_base_0039,Martha on the Mark Martha Stewart hooks up with reality television guru Mark Burnett to reinvent Martha.,Business
ag_news_base_0040,8 US marines killed in Iraq NEW YORK - Eight US marines have been killed west of Baghdad in a region that has become a flashpoint of anger over the US occupation of Iraq.,World
ag_news_base_0041,"Microsoft Unveils News Version of MSN TV Microsoft Corp. introduced on Tuesday a new version of its Internet TV service, seeking to broaden its appeal beyond a relatively small base of older, computer-phobic users.",Tech
ag_news_base_0042,"British Airways plane makes emergency landing in Montreal (AFP) AFP - A British Airways 747 en route from Phoenix, Arizona to London made an emergency landing in Montreal following a mechanical problem with the plane, a company spokesman told AFP.",World
ag_news_base_0043,Rumsfeld visits Iraq as insurgency goes on US Defense Secretary Donal Rumsfeld paid a secret visit to Iraq on Sunday and inspected plans to secure precarious areas ahead of the national elections in January.,World
ag_news_base_0044,"Australia takes 2-0 lead as Hewitt takes record Get INQ7 breaking news on your Smart mobile phone in the Philippines. Send INQ7 BREAKING to 386. PERTH, Australia -- Fairytales didn #39;t come true for a badly-outclassed Morocco as Australia raced to 2-0 lead",Sports
ag_news_base_0045,"Whalen, Sun off to bright start Lindsay Whalen made the most of the biggest game of her professional career. The rookie guard led the Connecticut Sun to a 68-64 victory over the Seattle Storm last night in the opening game of the WNBA Finals.",Sports
ag_news_base_0046,News: Four charged in landmark UK phishing case Four eastern Europeans appeared in a London court yesterday charged with defrauding online banks of hundreds of thousands through an elaborate 'phishing' scam.\,Tech
ag_news_base_0047,"Quattrone barred from Wall Street NEW YORK The NASD on Monday said that it had permanently barred Frank Quattrone, the former star banker, from the securities industry for refusing to testify in an NASD investigation of his role in possible document destruction and obstruction of justice.",Business
ag_news_base_0048,Bills Extend Defensive Coordinator's Deal (AP) AP - Defensive coordinator Jerry Gray signed a contract extension with the Buffalo Bills on Thursday.,Sports
ag_news_base_0049,"Germs, Germs Everywhere. Are You Worried? Get Over It. The fantasy of a germ-free home is not only absurd, but it is also largely pointless.",Tech
ag_news_base_0050,"Convicted Spammer's Bail Set at  #36;1M (AP) AP - Bail was set at  #36;1 million Monday for a North Carolina man awaiting sentencing in the nation's first felony prosecution of illegal distribution of junk e-mail, or spam.",Tech
ag_news_base_0051,"Two Miami students die of apparent carbon monoxide poisoning Officials say two Florida International University students were found dead in a minivan in Broward County, apparent victims of carbon monoxide poisoning.",Tech
ag_news_base_0052,"Rents rising in many Western markets Apartment rents through most of the Western US are rising, a sign that landlords are regaining some of the leverage lost in a sluggish economy and a hot home-buying market",Business
ag_news_base_0053,"'Autopsy' Showcases Scientists' Research (AP) AP - Two University of New Mexico doctoral students will star in the Discovery Channel's new show ""Mummy Autopsy.""",Tech
ag_news_base_0054,"3 Westerners Abducted in Baghdad Iraqi authorities say unidentified gunmen abducted two Americans and one Briton from a house in Baghdad, Thursday. Earlier, officials identified all three as British nationals.",World
ag_news_base_0055,"Leiter undecided Although Al Leiter has pledged his allegiance to the Mets on numerous occasions, baseball sources have told the Daily News he is  quot;still very much undecided quot; about his future and is not close to signing with the Mets or another team.",Sports
ag_news_base_0056,"Mobile Phones Increase Tumor Risk - Swedish Study  STOCKHOLM (Reuters) - Ten or more years of mobile phone use  increases the risk of developing acoustic neuroma, a benign  tumor on the auditory nerve, according to a study released on  Wednesday by Sweden's Karolinska Institute.",Tech
ag_news_base_0057,"Nationalists Strong Early in Bosnia Poll Count  SARAJEVO (Reuters) - Bosnia's main Muslim, Serb and Croat  nationalist parties led Sunday in an early count for local  polls, but voter turnout fell below 50 percent for the first  time.",World
ag_news_base_0058,"IPod creates its own economy (USATODAY.com) USATODAY.com - Investors usually get nervous when a company relies on the sales of one product. The exception is when that product is an Apple iPod. Just as consumers can't seem to get enough of the iPod, investors are foaming over companies having anything to do with the digital music player.",Tech
ag_news_base_0059,"Judge Approves a WorldCom Settlement A federal judge in New York has approved a \$2.6 billion settlement of a class-action lawsuit on behalf of more than 170,000 WorldCom investors who claimed they were defrauded by Citigroup.",Business
ag_news_base_0060,"City poised to give If the Jets #39; West Side stadium proposal somehow loses state financing, the city has got its back. City officials have agreed to assume the state #39;s \$300 million contribution to the proposed",Business
ag_news_base_0061,"Apple: ITunes Music Store Accepts PayPal  SAN FRANCISCO (Reuters) - Apple Computer Inc. &lt;A HREF=""http://www.investor.reuters.com/FullQuote.aspx?ticker=AAPL.O target=/stocks/quickinfo/fullquote""&gt;AAPL.O&lt;/A&gt; on  Friday said customers of its iTunes online music store can now  use eBay Inc.'s &lt;A HREF=""http://www.investor.reuters.com/FullQuote.aspx?ticker=EBAY.O target=/stocks/quickinfo/fullquote""&gt;EBAY.O&lt;/A&gt; online payment service PayPal to buy  songs and audio books, becoming the second major online music  store to do so.",Business
ag_news_base_0062,Will Beatles Take a Bite out of Apple? Apple Computer is slated to be in court this fall in England to answer claims that is infringing on a trademark agreement dating back to 1991.,Tech
ag_news_base_0063,"Alcatel to buy wireless, conferencing companies French networking gear maker offers \$250 million for Spatial Wireless and \$27 million for eDial.\",Tech
ag_news_base_0064,"Afghan Poll Is Mostly Calm, but Challengers Cry Foul Afghans turned out to vote in large numbers on Saturday, but Hamid Karzai and his rivals disputed the integrity of the vote.",World
ag_news_base_0065,"IBM creates fastest super model in the world International Business Machines Corp (IBM) said it created the world #39;s fastest supercomputer and is using it as the model for smaller, less costly systems due next year that can handle trillions of calculations a second.",Tech
ag_news_base_0066,"Radeon X850 XT Platinum Edition A little over 6 months have passed since ATI first announced their new high end Radeon X800 series. Despite apparent availability issues, ATI are forging ahead and announcing their refresh variants for the series.",Tech
ag_news_base_0067,"Time to take care of business The Cubs didn #39;t need to fly anywhere near Florida to be in the eye of the storm. For a team that is going on 100 years since last winning a championship, the only thing they never are at a loss for is controversy.",Sports
ag_news_base_0068,Critical Communiqu From Brussels STAR- The reason why Prime Minister Recep Tayyip Erdogan will go to Brussels one day earlier than expected is a communiqu recently sent to Ankara from Brussels.,World
ag_news_base_0069,Turkey Corrects Its Corruption Report Turkey #39;s downward trend on the Corruption Perceptions Index over the last four years has stopped. Its grade rose from 3.1 to 3.2 this year.,World
ag_news_base_0070,Pitcher hopes not to miss target With Derek Lowe #39;s days in Boston almost certainly numbered -- and Pedro Martinez #39;s future here in question -- the Red Sox are expected to greet All-Star righthander Carl Pavano this week on Yawkey Way.,Sports
ag_news_base_0071,"Grievance filed over suspension ARLINGTON, TEX. -- The baseball players #39; association filed a grievance yesterday seeking to overturn the Anaheim Angels #39; suspension of left-fielder Jose Guillen.",Sports
ag_news_base_0072,'Electronic check conversion' gaining I've been explaining quite a bit of late about a new federal law that allows banks to convert your checks to digital images.,Business
ag_news_base_0073,"Keep talking, Downer urges N Korea Australia #39;s foreign minister pressed leaders in North Korea yesterday to remain involved in six-nation talks on its nuclear program, amid concerns that the Pyongyang administration might pull out of preparatory meetings for the next round of negotiations.",World
ag_news_base_0074,"CA gives anti-spyware a consumer face Computer Associates launched its first set of anti-spyware products on Monday, retooling the applications it acquired from PestPatrol for both corporate customers and consumers.",Tech
ag_news_base_0075,"Goalkeeper change grabs Fire #39;s attention The Fire no longer has the worst record in Major League Soccer. In fact, the struggling club #39;s playoff hopes brightened considerably after Wednesday #39;s 3-1 win over the Western Conference-leading Kansas City Wizards before 7,723 at Soldier Field.",Sports
ag_news_base_0076,"Virginia strikes out while District gets another at-bat WHILE WASHINGTON was celebrating a home run Wednesday, Northern Virginia stood helplessly at the plate watching a third strike go by.",Sports
ag_news_base_0077,Talks on Ivory Coast Continue in Pretoria Talks on the political future of Ivory Coast are continuing in Pretoria today with President Thabo Mbeki expected to join the discussions later in the day.,World
ag_news_base_0078,"Soros executive leaves hedge fund to start firm Jacob Goldfield, who joined Soros Fund Management as chief investment officer last year, has resigned from the \$8.3 billion hedge fund to start his own business, according to a memo to staff members.",Business
ag_news_base_0079,"Marsh Plans to Cut 3,000 Jobs to Offset Recent Setbacks Staggered by accusations that it cheated its customers, Marsh   McLennan will lay off 3,000 employees, or 5 percent of its work force.",Business
ag_news_base_0080,"Elbaradei Expresses Hope for Quick Settlement of S. Korea #39;s &lt;b&gt;...&lt;/b&gt; Mohamed ElBaradei, director of the International Atomic Energy Agency has voiced hopes for a quick and conclusive settlement of his agency #39;s probe into South Korea #39;s past nuclear experiments.",World
ag_news_base_0081,"Interlagos: The Race Preview Ferrari may have won both championships and for the Renault F1 Team, second remains only a remote possibility. But there will still be plenty to watch out for",Sports
ag_news_base_0082,"Palestinians to set date for elections for Arafat successor RAMALLAH, West Bank Palestinian officials are pushing ahead with plans for life without Yasser Arafat. The officials met today to set a date for elections to replace their longtime leader after his death last week.",World
ag_news_base_0083,"Dementyeva Looks to Future After Loss NEW YORK -- When Yelena Dementyeva lost to fellow Russian Anastasia Myskina in the French Open final in June, she could barely hold back the tears.",Sports
ag_news_base_0084,GLAZER HOUNDED WHERE EVER HE GOES Yesterday Deutsche bank were reported to be involved in talks on Monday with the Glazer camp about the possibility of replacing JP Morgan - not any more they ain #39;t.,Sports
ag_news_base_0085,Cassini Reveals Saturn's Cool Rings The Cassini spacecraft has taken the most detailed temperature measurements to date of Saturn's rings. Data taken by the composite infrared spectrometer instrument on the spacecraft while entering Saturn's orbit show the cool and relatively warm regions of the rings.,Tech
ag_news_base_0086,Tigers hit the rock bottom A career best 143 by wicket-keeper Brendon McCullum enabled touring New Zealand to take a convincing 225-run first innings lead against hosts Bangladesh on the third of the Pan Pacific Sonargaon first Test at the Bangabandhu National Stadium in city,Sports
ag_news_base_0087,"Dow Hits Intraday Low 9,803.74 for Year  NEW YORK (Reuters) - The Dow Jones industrial average fell  to an intraday low for the year on Friday as oil prices surged  to another record and Microsoft Corp. &lt;A HREF=""http://www.investor.reuters.com/FullQuote.aspx?ticker=MSFT.O target=/stocks/quickinfo/fullquote""&gt;MSFT.O&lt;/A&gt; dragged on  stocks after the software maker's revenue forecast lagged  analysts' expectations.",Business
ag_news_base_0088,Hamm Retains Olympic All-Round Gold American gymnast Paul Hamm will keep his Olympic all-round gold medal after the Lausanne-based Court of Arbitration for Sport (CAS) rejected Thursday an appeal from South Korea #39;s Yang Tae-young.,Sports
ag_news_base_0089,Fans as much to blame as players for brawl You heard it on the broadcast over and over again: Wheres the security? Wheres the security?. It was a great question.,Sports
ag_news_base_0090,Depth of Planning by Rebels Is Evident in School's Remains Investigators suspect Chechen rebels had hidden weapons or other equipment beneath the first-floor library weeks or months before their attack on a Russian school.,World
ag_news_base_0091,"Microsoft Quits a UN Standards Group Microsoft on Monday withdrew from a United Nations software standards group for commerce, citing  quot;business reasons. quot;. Earlier this year, Microsoft #39;s participation had",Tech
ag_news_base_0092,"California Cities, Counties Sue Microsoft (AP) AP - Several California cities and counties, including San Francisco and Los Angeles, sued Microsoft Corp. on Friday, accusing the software giant of illegally charging inflated prices for its products because of monopoly control of the personal computer operating system market.",Tech
ag_news_base_0093,"Ponting out to spoil England #39;s party With a series of plans for Andrew Flintoff and a distinct lack of concern for his batting teammates, Ricky Ponting believes Australia will be able to turn the lights out on England #39;s",Sports
ag_news_base_0094,"PIMCO hit with \$50M fund settlement The PIMCO mutual fund group has agreed to pay \$50 million to settle fraud charges involving improper rapid dealing in mutual fund shares, the US Securities and Exchange Commission said Monday.",Business
ag_news_base_0095,"Truth in Lending #39; Damages Limited by Top US Court (Update1) The US Supreme Court, siding with the financial services industry, tightened the limits on damages consumers can get from companies that violate the federal Truth in Lending Act.",Business
ag_news_base_0096,Shared Office Code Unlikely to Sway Governments (Ziff Davis) Ziff Davis - Government officials say Microsoft's move to share the source code for Office 2003 won't change anyone's mind about Microsoft or open source.,Tech
ag_news_base_0097,FIFA bans Mutu from games worldwide Former Chelsea striker Adrian Mutu will be barred from playing anywhere in the world after a seven-month English ban for doping offences was ratified Friday by world soccer #39;s governing body.,Sports
ag_news_base_0098,"Robinson #39;s captaincy completes cross-code revolution BAGSHOT, ENGLAND - Jason Robinson #39;s appointment as the first former rugby league player to captain England #39;s rugby side amply proves how the previously insurmountable gulf between the codes has been bridged.",Sports
ag_news_base_0099,Licensing Plan Makes Microsoft a Utility Player Opinion: A decision to continue charging for server software based on CPUs and not cores will make Microsoft server software a much more attractive alternative to utility computing providers.,Tech
ag_news_base_0100,"'Nano-needle' operates on cell Scientists perform a surgical operation on a living cell, using a needle just a few billionths of a metre wide.",Tech
ag_news_base_0101,"Small Bombs Go Off in Jeddah JEDDAH, 12 September 2004 - Two small bombs left in stolen taxis exploded in Jeddah yesterday, both outside banks with foreign links.",World
ag_news_base_0102,Wireless tech gets workout at RNC Protesters and federal agents are using new tools to communicate with cohorts during the Republican National Convention.,Tech
ag_news_base_0103,"Boise St. Broncos EL PASO, Texas (Ticker) -- Boise State got the sort of breaks that come with being a ranked team. The 23rd-ranked Broncos scored a pair of touchdowns on fumble recoveries in the end zone as they rallied for",Sports
ag_news_base_0104,"Wal-Mart Launches Rare Newspaper Ad Blitz (Reuters) Reuters - Wal-Mart Stores Inc. , hurt by\sluggish sales over the Thanksgiving holiday weekend, on Friday\launched a rare advertising blitz in newspapers around the\United States focusing on its price cuts.",Business
ag_news_base_0105,"Skateboarding Offers a Tough Workout By KRISTA LARSON     SAYREVILLE, N.J. (AP) -- While the tennis courts at Kennedy Park are bare on a hot afternoon, parents keep dropping off teenagers at the skate park, home to all the day's action...",Tech
ag_news_base_0106,Violence Across Iraq Kills 12 Iraqi officials say at least 12 people were killed and 16 wounded in more incidents of violence across the country Wednesday. They say 10 people were killed and six wounded in an exchange of gunfire between,World
ag_news_base_0107,"Viacom to bid for Marketwatch com November 4, 2004, 10:28 AM PT. This priority retains its ranking at number five as more and more companies deploy Web services to share business logic, data and processes with each other and with clients.",Business
ag_news_base_0108,"Insurgents may have fled Fallujah The rapid US push into Fallujah has come without the sort of fateful showdown that would break the back of the insurgency. In fact, advance US and Iraqi",World
ag_news_base_0109,"Fed to Boost Rate by a Quarter-Point With a fall in oil prices easing inflation concerns, the Federal Reserve is expected to continue its easy-does-it approach to raising interest rates, boosting a key rate by a moderate quarter-point today.",Business
ag_news_base_0110,"Blunkett resigns, Charles Clarke new home secretary: World News: London, Dec 16 : British Prime Minister Tony Blair moved quickly to fill the political vacuum created by David Blunkett #39;s resignation as home secretary, appointing Education Secretary Charles Clarke in his place.",World
ag_news_base_0111,"China's Land Grabs Raise Specter of Unrest As farmers are pitted against developers allied with local officials, peasants and other rural landowners who still make up 60 percent of China's 1.3 billion people increasingly have tried to resist.",World
ag_news_base_0112,Top nuclear official briefs Majlis committee TEHRAN (IRNA) -- Iran #39;s top nuclear official went to parliament Monday to brief its National Security and Foreign Policy Committee on the process of work on the country #39;s peaceful nuclear program.,Tech
ag_news_base_0113,"House Votes to Block New Overtime Rules (AP) AP - In a sharp rebuke of a new administration policy, the House moved Thursday to block the Labor Department from carrying out overtime rules that critics argued could deprive millions of workers of their overtime pay.",World
ag_news_base_0114,"Stocks Drop on \$49 Oil, Slowing Economy  NEW YORK (Reuters) - U.S. blue-chip stocks fell  on  Thursday to nearly a five-week low as crude oil touched \$49 a  barrel, close to the record set last month, and a key gauge of  future economic activity fell for a third straight month.",Business
ag_news_base_0115,"Groundwork Laid for Spaceline LONDON-September 27, 2004 - A ticket may soon be all that separates you from a dream voyage to the final frontier. British entrepreneur Richard Branson says Virgin company plans to start offering commercial space flights over the next few years.",Tech
ag_news_base_0116,"Boston sampler Citizens Energy boss Joe Kennedy, like his famous uncle Ted, opposes the huge wind farm proposal in Nantucket Sound, his backyard. But the ""Call Joe-4-Oil"" Kennedy is working hard to also become ""Joe-4-Wind"" elsewhere.",Business
ag_news_base_0117,3Com to Buy TippingPoint in Cash Deal Networking hardware and software maker 3Com Corp. said Monday that it agreed to buy TippingPoint Technologies Inc. for \$430 million in cash in a move to strengthen its security offerings for business customers.,Business
ag_news_base_0118,"#39;Shut Your Trap, You Silly Old Man #39; So the phoney war has started, the Messiah dumps United in the press, United draw with the Mighty Birmingham, and the gooners cruise to 49 against the Villa.",Sports
ag_news_base_0119,"Singh leads Tiger at Deutsch, eyes No. 1 NORTON, Mass. - Vijay Singh is leading Tiger Woods by two strokes after six holes in the final round of the Deutsche Bank Championship on Monday.",Sports
ag_news_base_0120,"Top Pakistani Al-Qaeda suspect killed KARACHI (Pakistan) - Paramilitary police have killed a suspected top Al-Qaeda operative wanted for his alleged role in the slaying of a Wall Street Journal reporter and two assassination attempts against President Pervez Musharraf, the Information",World
ag_news_base_0121,"Greece is winner at these Olympics ATHENS, Greece -- Capping its sports-hosting triumph, Greece ended the XXVIII Olympiad with a festive splash of ethnic folklore, music and dancing.",Sports
ag_news_base_0122,"Focal point: Bill Parcells vs. Joe Gibbs Nobody respects coach Joe Gibbs more than me, but this week I see the Cowboys and coach Bill Parcells having the upper hand. I #39;m sure Gibbs is going to get the Redskins back to an elite level, but this is just his first season.",Sports
ag_news_base_0123,"Prediction: Miami-Florida 38, North Carolina 15 GAME NOTES: The fourth-ranked Miami Hurricanes head to the Tar Heel State for the second straight week, as they invade Chapel Hill on Saturday, where they will meet up with the North Carolina Tar Heels in ACC action from Kenan Stadium.",Sports
ag_news_base_0124,No. 3 LSU Outguns Maine 81-50 in Opener (AP) AP - Seimone Augustus scored 17 points and third-ranked LSU opened the season with an 81-50 victory over Maine in the Women's Sports Foundation Classic on Thursday.,Sports
ag_news_base_0125,PREVIEW-South Africa target rare series double in India South Africa have shrugged off accusations of negative tactics before the second and final test against India which starts on Sunday.,Sports
ag_news_base_0126,"Super-connected users could aid IM worms Just a few users connected to popular instant messaging (IM) networks can cause the spread of worms, while choking off communications from ""highly connected"" users with many IM correspondents can slow the spread of worms, say computer researchers.",Tech
ag_news_base_0127,"Sisler Known Again Thanks to Ichiro (AP) AP - Day and night, Dave Sisler is tracking every hit by Ichiro Suzuki. The former big league pitcher tunes in the radio each evening, his wife checks the boxscores in the morning.",Sports
ag_news_base_0128,"Security forces  #39;can #39;t stop chaos #39; PALESTINIAN security forces are unable to stop the spreading chaos in the West Bank and Gaza, Prime Minister Ahmed Qurie said today, a day after a failed attempt to kill a Gaza security commander.",World
ag_news_base_0129,"GM, Ford to Increase SUV Stability Systems General Motors Corp. and Ford Motor Co. said yesterday they are rushing to embrace a new safety technology called electronic stability control, and together they will make such systems standard",Business
ag_news_base_0130,"Norilsk has not yet backed Gold Fields #39; Canadian deal Gold Fields has yet to receive support from Norilsk Nickel, its biggest shareholder, for its acquisition of Canada #39;s Iamgold. Gold Fields announced its plan to buy Iamgold",Business
ag_news_base_0131,Pitt Looks to Upset No. 21 West Virginia (AP) AP - Maybe Pittsburgh has finally discovered how to wear down playmaking West Virginia quarterback Rasheed Marshall: Tire him out before the game.,Sports
ag_news_base_0132,"United States 2, El Salvador 0 Brian Ching did it again, putting the United States in good position to advance to the regional finals of qualifying for the 2006 World Cup.",Sports
ag_news_base_0133,"Sadr City clashes kill 22 Iraqis Clashes in Sadr City, where US forces and militiamen loyal to rebel Shi #39;ite cleric Moqtada al-Sadr have been fighting since April, have killed at least 22 Iraqis.",World
ag_news_base_0134,"Jeter Leads Yankees Past Royals 3-0 Javier Vazquez pitched the New York Yankees to their second consecutive shutout, and Derek Jeter homered and doubled twice Wednesday in a 3-0 victory over the Kansas City Royals.",Sports
ag_news_base_0135,Police Continue Questioning Abu Hamza Hook-handed cleric Abu Hamza faces yet more questions today after police were given more time to hold him on suspicion of being involved in terrorist offences.,World
ag_news_base_0136,"ASU wins a wild one against UCLA TEMPE, Ariz. - Andrew Walter threw for 415 yards and six touchdown passes, two in a wild fourth-quarter rally, to lead No. 21 Arizona State to a 48-42 victory over UCLA on Saturday.",Sports
ag_news_base_0137,Pfizer stock sinks on Neurontin Judge is expected to decline motion to block a generic version of Pfizer #39;s \$3B epilepsy drug. CHICAGO (Reuters) - Pfizer Inc. shares tumbled Thursday as investors worried a federal judge will refuse the company #39;s,Business
ag_news_base_0138,Malaysia battle 2nd flu outbreak Two people were under hospital observation in northern Malaysia with flu-like symptoms yesterday as the country fought to contain the second case of deadly bird flu in two weeks.,World
ag_news_base_0139,"CBA seeks stake in Chinese bank AFTER more than two years of seeking opportunities in China, the Commonwealth Bank has reached an in-principle agreement to buy a stake in a third-tier bank, Jinan City Commercial Bank (JNCCB).",Business
ag_news_base_0140,"Test of Missile Defense System Delayed Again The Pentagon's last hope of flight-testing critical new elements of an antimissile system, before activating the system this autumn, appeared to vanish with the disclosure that the next flight test has been postponed.",Tech
ag_news_base_0141,"Cingular keeps some AT amp;T execs Cingular Wireless, which yesterday finalized its purchase of AT amp;T Wireless, said the company will be governed from four regional centers -- one of them in Redmond -- by a combination of its executives and those from AT amp;T Wireless.",Business
ag_news_base_0142,"Jagr says he wants to give Russia a shot PRAGUE, Czech Republic -- Jaromir Jagr is reportedly leaving the Czech league to play in Russia during the NHL lockout. The New York Rangers #39; forward signed with Omsk Avangard of the Russian league early Sunday",Sports
ag_news_base_0143,"Tiny Sensors That  Can Track Anything They're small, smart and vigilant, the sort of miniature technology that science fiction writers once dreamed of. But the battery-powered, wireless sensors sometimes known as ""smart dust"" are here, and they're making their way into the electronic fabric of our lives. &lt;FONT face=""verdana,MS Sans Serif,arial,helvetica"" size=""-2"" color=""#666666""&gt;&lt;B&gt;-The Washington Post&lt;/b&gt;&lt;/font&gt;",Tech
ag_news_base_0144,Paul Tellier dismissed as chief executive of Bombardier MONTREAL (CP) - Paul Tellier was dismissed as president and chief executive of Bombardier Inc. on Monday in a bombshell announcement that drove down the company #39;s stock to a record low.,Business
ag_news_base_0145,"Sun is upgrading enterprise development tool suite Sun Microsystems on Tuesday unveiled Version 7 of the companys enterprise development tool suite, Sun Java Studio Enterprise, and previewed a JVM that will support 64-bit AMD Opteron processors.",Tech
ag_news_base_0146,Casino giant in \$4bn Vegas plan Casino giant MGM Mirage is building a \$4bn gambling resort complex in the centre of Las Vegas.,Business
ag_news_base_0147,Four Palestinians killed in Gaza Four Palestinians are reported killed in the Gaza Strip - two of them policemen hit in an Israeli missile strike.,World
ag_news_base_0148,Hostages Face Death in Iraq  BAGHDAD (Reuters) - Several insurgent groups set deadlines  for killing more than a score of hostages in Iraq -- from a  trio of American and British workers to an entire squad of 18  Iraqi soldiers -- unless their various demands are met.,World
ag_news_base_0149,Stocks Rise on Falling Oil Prices Investors rallied around falling oil prices as a possible sign that the summer's run on crude oil futures was over.,Business
ag_news_base_0150,"Opposition Alleges Afghan Election Fraud KABUL, Afghanistan - Afghanistan's first direct presidential election was thrust into turmoil hours after it started Saturday when all 15 candidates challenging interim leader Hamid Karzai alleged fraud over the ink meant to ensure people voted only once and vowed to boycott the results.    But electoral officials rejected their demand that the vote be called off, saying an apparent mix-up with ink used to mark voters' thumbs was not severe enough to halt the historic vote...",World
ag_news_base_0151,"CNNfn Network to Close by Mid-December  NEW YORK (Reuters) - CNNfn, the financial news cable  network owned by Time Warner Inc., on Thursday said it will  cease operating by mid-December, after fighting a losing battle  against the far larger rival CNBC.",Business
ag_news_base_0152,Thailand Says Nine Farms Contaminated By Genetically Modified &lt;b&gt;...&lt;/b&gt; Nine farms in Thailand have been found to be contaminated by genetically modified crops. The announcement comes after a scandal shut down a big part of the country #39;s program to test genetically modified crops.,Tech
ag_news_base_0153,Nuggets' Anthony Sprains Right Ankle (AP) AP - Denver Nuggets forward Carmelo Anthony sprained his right ankle after a hard fall in the third quarter Saturday night against the Houston Rockets.,Sports
ag_news_base_0154,Brown to abandon fuel duty increase Gordon Brown will scrap this year #39;s planned increase in fuel duties this week as part of a heavily political package of measures designed to win back Labour #39;s lost supporters in middle Britain.,Business
ag_news_base_0155,"Dechy Stuns Capriati 6-4, 7-5 at Pilot Pen (AP) AP - Defending Pilot Pen champion Jennifer Capriati was upset Thursday, losing 6-4, 7-5 to eighth-seeded Nathalie Dechy.",Sports
ag_news_base_0156,IPO Outlook Muted (Reuters) Reuters - The U.S. IPO market's first-half\revival from last year's moribund levels turned into a summer\of discontent for many eager companies trying to tap the public\markets.,Business
ag_news_base_0157,"GDA falls short against Brunswick Even all-world runner Brian Morrissey couldn't stop this one. ISL champion Governor Dummer, which came into the NEPSAC Congleton-Stokinger championship game riding a 23-game unbeaten streak, fell to Connecticut's Brunswick Academy, 20-19, at Trinity College yesterday.",Sports
ag_news_base_0158,"Roddick Powers U.S. to Lead in Davis Semis CHARLESTON, S.C. - Andy Roddick hit a record 155 mph serve in his 6-1, 6-4, 6-4 win over Vladimir Voltchkov on Friday to help the United States to a 2-0 lead over Belarus in the Davis Cup semifinals...",World
ag_news_base_0159,"Cuqua drives Rebels Walpole ended its regular season with a 35-12 victory over Weymouth yesterday, but for the 10-1 Rebels, it was just the first stage.",Sports
ag_news_base_0160,Pennington Set to Start Sunday (Reuters) Reuters - New York Jets\quarterback Chad Pennington is expected to start Sunday's game\against Houston after missing the last three weeks with a\rotator cuff injury.,Sports
ag_news_base_0161,UK's famous immigrants go online The National Archives puts the official records of some of Britain's most famous immigrants on its website.,Tech
ag_news_base_0162,"Depleted Wizards stun Grizzlies Even before it was over, Antawn Jamison and Juan Dixon were limping around the court, trying to relieve aching muscles stretched to the limit.",Sports
ag_news_base_0163,"Ole Miss Tabs Orgeron as Head Coach  OXFORD, Miss. (Sports Network) - The University of  Mississippi introduced Southern California assistant Ed Orgeron  as its new head football coach during a Thursday press  conference.",Sports
ag_news_base_0164,"Fannie Mae issues \$9 bn loss warning for 3Q04 NEW YORK, November 16 (newratings.com) - Fannie Mae (FNM.NYS) has missed the regulatory deadline for filing its 3Q04 results with the SEC, while warning of an estimated net loss of \$9 billion for the quarter.",Business
ag_news_base_0165,Alitalia shares up on rescue deal Shares in Italian carrier Alitalia surge as it finalises a deal with unions which will keep it in the air.,Business
ag_news_base_0166,"Aides on Way to See Arafat Despite Wife's Fury  PARIS (Reuters) - Palestinian leaders headed to Paris on  Monday to see critically ill President Yasser Arafat at a  French military hospital, despite a scathing attack by his wife  who accused them of plotting to ""bury him alive.""",World
ag_news_base_0167,"Motorola/Apple Phone Details Forbes.com is reporting details on the rumored Motorola/Apple music phone, as told to them by Apple VP of Applications Eddy Cue. Referring to the new device, Cue was quoted as saying:  quot;What we #39;ve talked about",Tech
ag_news_base_0168,"Global oil prices zoom to record highs Global crude oil prices, which shot up to record highs on Monday, continued to rule at the same level of close to \$54 a barrel. Following the nationwide strike that began in Nigeria to protest against high",Business
ag_news_base_0169,Lippi upbeat after Slovenia setback Italy coach Marcello Lippi said yesterday that Inter Milan #39;s Marco Materazzi will replace Fabio Cannavaro in the centre of defence for the Azzurri #39;s crunch World Cup qualifier at home today to Belarus.,Sports
ag_news_base_0170,"Calpine Accounts Questioned  NEW YORK (Reuters) - Calpine Corp. &lt;A HREF=""http://www.investor.reuters.com/FullQuote.aspx?ticker=CPN.N target=/stocks/quickinfo/fullquote""&gt;CPN.N&lt;/A&gt; has been  struggling badly ever since the Enron Corp. collapse in 2001  exposed the weaknesses of its power generation and trading  business, but a recent study of its accounts suggests worse may  still be to come.",Business
ag_news_base_0171,"US keeps big tariffs on shrimp from Asia Some Chinese shrimp exporters will have to pay discouragingly hefty tariffs of more than 100 percent if they want their products to appear on American dinner tables, the Commerce Department ruled Tuesday.",Business
ag_news_base_0172,"Drug Stocks Mixed, Outpacing Dow Pharmaceutical stocks were mixed in afternoon trading, performing slightly better than the Dow Jones Industrial Average but seeing sharp declines in smaller stocks on clinical trial snags.",Business
ag_news_base_0173,"A Fool Looks Back Winners lost. Cereals bowled. Online storefronts schooled their offline storefronts yet again. In sum, it was another week of twisted holiday cheer.",Business
ag_news_base_0174,"Once immutable and now vulnerable Like the cherry blossoms in the spring and loyalty to the Redskins, the power and influence of Fannie Mae are among those aspects of Washington that never seem to change - until now.",Business
ag_news_base_0175,AOL dumps Microsoft #39;s Sender ID America Online (AOL) has ditched Microsoft #39;s Sender ID technology in favour of Sender Policy Framework (SPF). The move follows concerns over Sender ID voiced by the Internet Engineering Task Force (IETF) earlier this week.,Tech
ag_news_base_0176,"India  #39;will offer to adjust Line of Control #39; NEW DELHI - India will offer to  #39;adjust #39; the Line of Control, the de facto border dividing Kashmir, a senior Indian official has told Time magazine.",World
ag_news_base_0177,"Finland #39;s Poutiainen is tough enough With a fresh dusting of snow and the course bumpy and rutty, Colorado #39;s top two giant slalom skiers struggled Friday in the FIS World Cup women #39;s event.",Sports
ag_news_base_0178,"S Korea in 'rogue' nuclear trials The BBC is told that South Korean scientists engaged in secret, illegal experiments to enrich nuclear fuel.",World
ag_news_base_0179,"China Typhoon Death Toll Rises to 164 (Reuters) Reuters - The worst typhoon to hit China in seven\years killed at least 164 people and another 24 were listed as\missing, Xinhua news agency said on Tuesday.",World
ag_news_base_0180,"Blair faces final judgement on WMD The Government is facing up to confirmation Saddam Hussein did not have weapons of mass destruction. The group hunting for Saddam #39;s arsenal said it had found no evidence he had chemical, biological or nuclear weapons at the time of the US-led invasion.",World
ag_news_base_0181,"British Guantanamo Detainee Alleges Abuse from Jail (Reuters) Reuters - A British detainee at Guantanamo Bay\said in a letter revealed Friday he was tortured and abused\during detention, in what is believed to be the first such\claim to come from inside the prison.",World
ag_news_base_0182,"Nortel, Under Deep Scrutiny, Now Faces Chinese Competition Not only is Nortel Networks mired in an accounting scandal, it now faces increased competition from Chinese upstarts.",Tech
ag_news_base_0183,Ivorian paper vendors 'attacked' A Paris-based pressure group condemns the intimidation of newspaper vendors in Ivory Coast.,World
ag_news_base_0184,Thai PM offers regrets for deaths Thai Prime Minister Thaksin Shinawatra has expressed regret at the deaths in army custody of almost 80 Muslims as distraught relatives sought the bodies,World
ag_news_base_0185,"Tuesday #39;s NBA summary AUBURN HILLS, Mich. The Detroit Pistons opened their NBA title defense with an 87-to-79 win over the Houston Rockets. Rasheed Wallace scored 24 points on 10-of-19 shooting to lead five Pistons in double-figures.",Sports
ag_news_base_0186,"Nationwide Web-crime sweep rounds up scores The Justice Department announced yesterday that more than 150 people had been arrested, charged or convicted in the last three months in a wide-ranging sweep of criminal activity on the Internet.",Tech
ag_news_base_0187,Dell closer to using AMD chips Dell president and chief executive officer Kevin Rollins indicated that the company is considering including Advanced Micro Devices processors in its server roster in the foreseeable future.,Tech
ag_news_base_0188,"Testaverde keeps answering age-old questions LANDOVER, Md. - Dallas quarterback Vinny Testaverde dropped back to pass and let a deep ball fly down the left sideline. Washington cornerback Fred Smoot stayed with Cowboys wide receiver Antonio Bryant step for step.",Sports
ag_news_base_0189,"Pacers Season Tossed Into Doubt (AP) AP - After receiving some of the harshest penalties in NBA history for one of the worst brawls in U.S. sports history, the Indiana Pacers' deep and talented roster has been reduced from a title contender to rubble.",Sports
ag_news_base_0190,"Insurgents Slaughter 11 Iraqi Soldiers (AP) AP - Insurgents slaughtered 11 Iraqi soldiers, beheading one, then shooting the others execution-style, and declared on an Islamic militant Web site Thursday that Iraqi fighters will avenge ""the blood"" of women and children killed in U.S. strikes on the guerrilla stronghold of Fallujah.",World
ag_news_base_0191,Bryant shrugs off Jackson #39;s criticism Mitch Kupchak and Jerry Buss issued a four-point written statement. Rudy Tomjanovich offered words of praise outside the locker room.,Sports
ag_news_base_0192,"Gaza children lose in games against real bullets Karam Abu Najib (center, 14) and friends brandishing some of the exploded bottles used in their deadly game with the Israeli military.",World
ag_news_base_0193,Olympics: Ulmer smashes world record to bag pursuit cycling gold ATHENS : New Zealand #39;s Sarah Ulmer smashed her second world record in as many days on the way to claiming the 3000-metre individual pursuit cycling gold medal at the Athens Olympics.,Sports
ag_news_base_0194,"Renault F1 Team launches Bijoux Racing The Renault F1 Team is excited to announce the launch of a collection of luxury jewellery, in collaboration with designer Mary Kaczor: Bijoux Racing.",Sports
ag_news_base_0195,"Internet Access, Delivered From Above New systems deliver broadband Internet connections through fixed antennas without digging up streets to install cables.",Tech
ag_news_base_0196,"Steel Partners Bids \$700 Mln for Gencorp US investment fund Steel Partners II on Thursday offered to buy 90 percent of Gencorp Inc. (GY.N: Quote, Profile, Research) it does not already own for about \$700 million",Business
ag_news_base_0197,"Mets: Randolph still leading man A confident Willie Randolph emerged from a break in his interview with the Mets yesterday to talk to reporters on a conference call set up by the team, and sounded every bit the leading candidate that he is.",Sports
ag_news_base_0198,"Volkswagen Workers Stage New Stoppages Volkswagen workers staged a new round of brief stoppages early Monday, keeping up pressure on the automaker ahead of wage talks in which the company is sticking to a demand for a two-year pay freeze.",Business
ag_news_base_0199,Hotmail fees for Outlook access Millions of Hotmail users face having to pay to access their messages using the Outlook e-mail program.,Tech
ag_news_base_0200,"Microsoft Issues Five Bulletins on Windows Flaws Desktops, servers affected, but no vulnerabilities deemed critical.",Tech
ag_news_base_0201,"Milan beats Lazio; Inter held to draw by Parma Andriy Shevchenko netted two second-half goals to rally 10-man AC Milan to a 2-1 win at Lazio on Sunday, lifting the defending league champion closer to the top of the Serie A standings.",Sports
ag_news_base_0202,"One game of true passion on a night of fakes With the stirring exception of Liverpool versus Olympiakos, where both sides fought to exhaustion to try to qualify for the second round, the last set of matches in the group stage was another night of shameful collusion in the Champions League - another",Sports
ag_news_base_0203,"Bomb scare diverts BA flight A British Airways passenger plane was forced yesterday to make an emergency landing, escorted by two fighter jets, after a security scare.",World
ag_news_base_0204,"\$2,137,000 and Counting David Gardner launches our Foolanthropy campaign for 2004."" /&gt;  &lt;meta name=""keywords"" content=""Foolanthropy Charity giving donate"" /&gt;  &lt;meta name=""tickers"" content="""" /&gt;  &lt;meta name=""date"" content=""2004-10-15T15:33-04:00"" /&gt;  &lt;meta name=""language"" content=""en-us"" /&gt;  &lt;meta name=""author"" content=""David Gardner"" /&gt;  &lt;meta name=""STORY_UID"" content=""/USMF_Content/datasource/production2003/2004/foolanthropy/2004/foolanthropy041015.xml"" /&gt;  &lt;meta name=""expiration"" content=""Date  12 months"" /&gt;  &lt;meta name=""articletype"" content=""Foolanthropy"" /&gt;  &lt;meta name=""contenttype"" content=""a"" /&gt;   &lt;title&gt;Fool.com: \$2,137,000 and Counting Foolanthropy&lt;/title&gt;    &lt;link rel=""stylesheet"" type=""text/css"" href=""http://g.fool.com/includes/css/ie4.css"" title=""ie4"" /&gt;    &lt;META Name=""ArticleDate"" Content=""2004/10/15",Business
ag_news_base_0205,"Yukos lawyer #39;s offices searched MOSCOW : Russian prosecutors searched the offices of a Yukos lawyer defending a top shareholder who is accused of siphoning off money from the company #39;s accounts, a spokesman said.",Business
ag_news_base_0206,"Penalties Stiff for Slander in Venezuela (AP) AP - A new penal code approved by Venezuela's Congress would stiffen prison sentences for slander and libel, drawing criticism from opponents of President Hugo Chavez.",World
ag_news_base_0207,"Ichiro Breaks Sisler's Season Hits Record SEATTLE - Ichiro Suzuki set the major league record for hits in a season with 258, breaking George Sisler's 84-year-old mark with a pair of singles Friday night. The Seattle star chopped a leadoff single in the first inning, then made history with a grounder up the middle in the third...",World
ag_news_base_0208,8 British terror suspects brought to court LONDON -- Eight men charged with conspiracy to murder in a trans-Atlantic terror plot made their first court appearance yesterday in a case that has added to the fierce debate over Britain's terrorism laws and heightened fears in the country's Islamic community of an anti-Muslim backlash.,World
ag_news_base_0209,Verizon And Cingular Gobble Up Spectrum; Stay Ahead Of Pack (Investor's Business Daily) Investor's Business Daily - Verizon Wireless has agreed to buy NextWave Telecom's spectrum licenses in 23 markets for  #36;3 billion in cash as the nation's two regional Bell-owned wireless firms -- Verizon and Cingular -- gobble up the airwaves.,Tech
ag_news_base_0210,"PalmSource Names Jean-Louis Gassee Chairman of the Board PalmSource today announced Jean-Louis Gassee has been appointed Chairman of the PalmSource Board of Directors. Gassee, 60, was appointed to the Company #39;s Board of Directors in May 2002.",Business
ag_news_base_0211,Mourinho wants Carling Cup glory Jose Mourinho has admitted that he wants to win the Carling Cup and does not see the competition as a hindrance. The Chelsea boss saw a strong line-up battle for a 2-1 victory against west London neighbours,Sports
ag_news_base_0212,"Last Rites Sounded for Life-Changing Video Format It changed the lifestyles of a generation but after a lingering death, the last rites have been sounded for the revolutionary VHS home video format.",Tech
ag_news_base_0213,"Virgin Mary Grilled Cheese Sells on eBay for \$28,000 Virgin Mary Grilled Cheese Sells on eBay for \$28,000\\Remember the Virgin Mary grilled cheese sandwich that was put up on eBay and hit bids up to \$16,000 last week. Well, the bidding in finally done on the miracle hot lunch and the final bid on the blessed sandwich came in ...",Tech
ag_news_base_0214,"Charismatic Clough one of a kind Football lost a maverick soul yesterday, an extraordinary man whose unique style of management would give a modern-day club chairman apoplexy.",Sports
ag_news_base_0215,US ends its final drought The US swept into the Davis Cup final for the first time in seven years when Bob and Mike Bryan crushed Max Mirnyi and Vladimir Voltchkov of Belarus to give the host an unassailable 3-0 lead in the semi-final.,Sports
ag_news_base_0216,Bellhorn Helps Boston to 2-0 Lead in World Series AUBURN - Former Auburn All-American Mark Bellhorn has helped guide the Boston Red Sox to a 2-0 series lead over the St. Louis Cardinals in the 2004 World Series as Bellhorn tallied the game-winning hit in Game 1 and added a key two-run double in Game 2.,Sports
ag_news_base_0217,Truck operators call of week-long strike Truck operators today called off their week-long strike after an agreement with the Government to form a committee to study the vexed service tax issue.,Business
ag_news_base_0218,"Apple iTunes dubbed  #39;rip-off #39; for Brits The world #39;s first legitimate music download service, Apple iTunes, is to be investigated by a government watchdog for overcharging its British customers by up to 20 per cent.",Tech
ag_news_base_0219,Aussies Pile on Runs Australia picked up from where they left off in their first innings by racking up the runs in their second innings to take a 312-run lead into lunch on day three of the first Test in Perth.,Sports
ag_news_base_0220,"Iraqis May Extend Election Amid Violence  BAGHDAD (Reuters) - Iraq may modify plans for its first  free election to give people more time to vote next month,  officials said Wednesday as suicide bombers and gunmen again  struck Sunni Muslim towns north and west of the capital.",World
ag_news_base_0221,"Diplomats: Iran Uranium Dispute Resolved (AP) AP - Iran and European negotiators have apparently salvaged a deal committing Tehran to freezing all parts of a program that can make nuclear-weapons grade uranium, diplomats said Friday.",World
ag_news_base_0222,"Report: IBM To Spin Off PC Unit (NewsFactor) NewsFactor - IBM (NYSE: IBM) is selling its PC business, marking the end of an era for the\personal computing pioneer, according to a story published today in the",Tech
ag_news_base_0223,"Qantas profit takes off Australia #39;s dominant airline, Qantas, has nearly doubled its annual profits after recovering from the previous year #39;s Iraq war and SARS induced downturn.",Business
ag_news_base_0224,"Braves Beat Astros 4-2 to Even Series ATLANTA Oct. 7, 2004 - Rafael Furcal hit a two-out, two-run homer in the 11th inning that sent the Atlanta Braves over the Houston Astros 4-2 Thursday and tied their NL playoff series at one game each.",Sports
ag_news_base_0225,Nigeria braces for strike as union leader released by secret &lt;b&gt;...&lt;/b&gt; ABUJA (AFP) - Nigeria braced for a nationwide strike as the country #39;s top union leader emerged from secret police custody determined to pursue labour #39;s opposition to President Olusegun Obasanjo #39;s economic reforms.,World
ag_news_base_0226,"Els, Goosen and Westwood Share the Lead in South Africa European Tour Members Ernie Els, Retief Goosen and Lee Westwood share the lead with Australian Stuart Appleby after the first round of the Nedbank Golf Challenge in Sun City, South Africa.",Sports
ag_news_base_0227,"European Stocks Subdued Ahead of Fed  LONDON (Reuters) - European shares opened weaker on  Tuesday, tracking a late dip on Wall Street as Colgate sparked  fresh earnings fears and on strong oil prices, but Tesco rose  after thumping first-half profit expectations.",Business
ag_news_base_0228,"Oil price slides as Iraqi crude flows World oil prices skidded on Monday as Iraq pumped oil through its southern pipelines and Russia vowed to step up exports, but analysts said the days of high prices were not yet over.",Business
ag_news_base_0229,Turkish Leader Calls for EU Membership Talks Turkish Prime Minister Recep Tayyip Erdogan is in Brussels to make a final pitch before next week #39;s EU summit for the 25-nation bloc to set a date for his country to begin membership talks.,World
ag_news_base_0230,Darfur summit opposes  #39;foreign intervention #39; Tripoli - An African summit meeting wound up here overnight with a joint statement rejecting any  quot;foreign intervention quot; in the crisis-torn Sudanese region of Darfur and voicing strong support for the Sudanese government which is threatened with,World
ag_news_base_0231,Losing 60 years of experience STUART Rose conceded that more than 60 years of Marks  amp; Spencer experience was walking away with the clutch of top-tier departures.,Business
ag_news_base_0232,"Life on Mars: A Definite Possibility This much is known: At some point in Mars's past, at least one region of the planet was drenched in water. Ancient Mars provided a habitat suitable for life as we know it. What kind of organism might have lived there? And is life lying dormant there still, just waiting for things to warm up a bit?",Tech
ag_news_base_0233,Photo 2 of 5: Gadgets galore in old Tokyo CNET News.com's Michael Kanellos travels to Tokyo to find out what may soon be on U.S. shelves.,Tech
ag_news_base_0234,"Illinois has soybean rust plan in place Soybean rust, a disease that has devastated soybean fields in Brazil and Argentina, has been found in two test plots at Louisiana State University near Baton Rouge.",Business
ag_news_base_0235,Red Sox Have Some History to Be Proud Of (AP) AP - The Boston Red Sox call themselves idiots  #151; too stupid to realize that they aren't supposed be doing this.,Sports
ag_news_base_0236,"Microsoft Floats NetWare Migration Promo Officials at Microsoft (Quote, Chart) took advantage of their new arrangement with Novell (Quote, Chart) to launch a promotion to get US customers off the NetWare operating system and onto Windows Server 2003.",Tech
ag_news_base_0237,"Badgers #39; defense posts best month since  #39;51 They #39;ve allowed just 19 points in their 4-0 start, making up for the loss of star tailback Anthony Davis to an eye injury for the last 3 games.",Sports
ag_news_base_0238,Microsoft unveils simplified version of WindowsXP in Asia World #39;s leading software developer Microsoft has announced that it will promote its cheaper and simplified version of WindowsXP in Russia and soon launch a series of marketing,Tech
ag_news_base_0239,"#39;Noles In Running For BCS Berth TALLAHASSEE - When Virginia coach Al Groh met Bobby Bowden at midfield Saturday night after Florida State #39;s 36-3 victory, he offered some advice.",Sports
ag_news_base_0240,"PSA buys key stake in Hong Kong port operator Singaporess PSA gained a much-sought foothhold in Hong Kong with an agreement to buy a stake in Asia Container Terminals, a port operator in the worlds busiest container hub, from Sun Hung Kai Properties.",Business
ag_news_base_0241,"Arthritis drug a heart attack risk, study finds United States drug giant Pfizer says a trial has found a sharp rise in heart attacks for patients using its blockbuster Celebrex arthritis and pain medicine.",Business
ag_news_base_0242,India rejects foreign economists India's government drops foreign advisors from its top economic policy body after opposition from left-wing parties.,Business
ag_news_base_0243,"Iraq group says holding Sri Lankan, Bangladeshi drivers: Al-Jazeera (AFP) AFP - The Islamic Army in Iraq has announced it abducted a driver from Sri Lanka and another from Bangladesh who work for a Kuwaiti company, Al-Jazeera television said, showing footage of the pair.",World
ag_news_base_0244,"FBI nabs  #39;activist #39; on extortion charges CHICAGO  In July of 2002, community activist Derrick Mosley blasted State Sen. James Meeks, who had been named successor to the president of the Rainbow/PUSH coalition, for offering spiritual counseling to prominent people accused of sexual offenses.",Sports
ag_news_base_0245,"Macromedia launches Flex Builder Macromedia this week will ship Flex Builder, which is designed to provide an interactive development environment for the companys Flex presentation server.",Tech
ag_news_base_0246,"Europe's Ryder Team Is Set Colin Montgomerie, who has had a tough year, took a turn for the better Sunday, when he was chosen to play in his seventh Ryder Cup.",Sports
ag_news_base_0247,"Pound soars against dollar after shock rise in retail sales (AFP) AFP - Sterling continued to outperform the dollar after official figures showed British high-street spending was unexpectedly robust in August, helping to build the case for another rate hike by the Bank of England.",Business
ag_news_base_0248,"Palestinian Leaders to Transfer Arafat Powers (Reuters) Reuters - Palestinian leaders\prepared on Thursday to transfer President Yasser Arafat's\powers to three key figures who will take on the most important\roles he held, officials said.",World
ag_news_base_0249,"China Mobile Suspends Chinadotcom Mobile Services (Reuters) Reuters - Chinadotcom (CHINA.O) said on Friday\that its Go2joy mobile messaging unit has been sanctioned by\China Mobile (CHL.N), as part of a broad crackdown on\aggressive marketing by it and 21 other companies.",Tech
ag_news_base_0250,"Flaws spark  #39;fix-it #39; frenzy The new patches apply to a variety of products, including some versions of Microsoft #39;s Windows operating system and server software, its Internet Explorer Web browser and Excel spreadsheet program.",Tech
ag_news_base_0251,Microsoft offers preview of SQL Server 2005 Microsoft is offering a preview of its next-generation SQL Server 2005 database by providing an interim version of the product to customers.,Tech
ag_news_base_0252,"Colorado back in game At the start of the season, they were in the also-ran bin. Not on anyone's radar screen nationally, or even in the Big 12, for that matter. But a month into the 2004 season, look at what the Colorado Buffaloes have done.",Sports
ag_news_base_0253,Jenkins starts new life in Japan \A US soldier who deserted to North Korea four decades ago embarks on a new life with his family in Japan.,World
ag_news_base_0254,Altec Lansing MX5020 Speakers Altec Lansing has been around since before the dawn of stereo. Altec Lansing was formed in 1941 when Altec purchased the Lansing Manufacturing Company.,Tech
ag_news_base_0255,"IBM, Cisco Expand Security Alliance Covering Enterprise Networks RESEARCH TRIANGLE PARK - IBM and Cisco Systems are broadening their security alliance to offer new automatic security applications for enterprise networks.",Tech
ag_news_base_0256,EU probes mobile phone call costs The amount consumers are charged for making mobile calls while abroad is to be investigated by EU regulators.,Tech
ag_news_base_0257,"Rangers win, then draw old rivals GLASGOW, Scotland -- Rangers returned to the top of the Scottish Premier League with an impressive 3-0 win over struggling Dundee, then learnt that would face old firm rivals Celtic in the third round of the Scottish Cup.",Sports
ag_news_base_0258,"Treasuries Up on Consumer, Industry Data (Reuters) Reuters - Treasury debt prices climbed  and\10-year yields moved to a new five-month low on Tuesday after\an August survey of regional U.S. industry proved weaker than\expected while consumer confidence was shaken.",Business
ag_news_base_0259,ALH extension buys time for all The battle for control of Australian Leisure  amp; Hospitality Group erupted into an unseemly free-for-all yesterday as Woolworths set a tight four-hour deadline for fund managers to deal themselves,Business
ag_news_base_0260,"Computer Associates ex-CEO charged with massive fr The former chief executive officer of American firm Computer Associates, Sanjay Kumar, has been charged with accounting fraud and obstruction of justice, the US government has announced.",Business
ag_news_base_0261,"Egypt pursues suspects over deadly Sinai bombings (AFP) AFP - Egyptian investigators into car bombings at resorts on Egypt's Sinai peninsula which killed at least 30 people said that they had identified a number of suspects, as rescuers continued to sift through the rubble.",World
ag_news_base_0262,"Bush Urges World to Unite With Iraq UNITED NATIONS Sept. 21, 2004 - President Bush, defending his decision to invade Iraq, urged a vast assembly of world leaders Tuesday to stand united with the country #39;s struggling government and said the",World
ag_news_base_0263,Not too hard to be happy for Red Sox fans Fortunately I have a syndicated sports talk radio show to exorcise my demons as a Yankee fan after the Red Sox won the 2004 World Series.,Sports
ag_news_base_0264,HDS slides into midrange storage market Hitachi has released its first all Serial ATA array and has bundled it with switches and network interface cards to create a preconfigured low-to-midrange SAN that competes with products from EMC and IBM.,Tech
ag_news_base_0265,"Looking for the Exit Sign (Forbes.com) Forbes.com - At 42, Nicholas Gerber is a little too young to retire, but he is already thinking about how to sell the business he started nine years ago. It's the management company for Ameristock Mutual Fund, which has attracted  #36;1.8 billion with a stellar record: up 14 a year since 1995, five points more than the market average. His style is to buy out-of-favor blue chips like Sara Lee, Merck and Bank of America, and hold. Turnover is tiny at 5 a year.",Business
ag_news_base_0266,"Ignorance Is Slavery We are at war with Iraq. We have always been at war with Iraq.  This is the first time I've read 1984 all the way to the end, and I finally understand it, and why it's so important. Winston lost entirely, and it was the most complete loss that is possible. This was important, because it sticks in the mind.  Ironically, Orwell understood how to manipulate people's emotions, but he used this knowledge for the good of us all.",Tech
ag_news_base_0267,"Absa Says Stake-Sale Talks With Barclays Progressing (Update4) Absa Group Ltd., South Africa #39;s fourth- biggest bank, said talks to sell a controlling stake to Barclays Plc, the UK #39;s No.",Business
ag_news_base_0268,"Teen Sniper to Admit Guilt in 2nd Slaying McLEAN, Va. - Teenage sniper Lee Boyd Malvo plans to drop all appeals of his conviction and life sentence for one of 10 killings in October 2002, and will admit guilt in a second slaying, his lawyer said Friday...",World
ag_news_base_0269,"Before the Bell: Sprint, Veritas Rise  NEW YORK (Reuters) - Shares of Sprint Corp. &lt;A HREF=""http://www.investor.reuters.com/FullQuote.aspx?ticker=FON.N target=/stocks/quickinfo/fullquote""&gt;FON.N&lt;/A&gt; rose  5.4 percent before the bell on Tuesday after the Wall Street  Journal reported that Verizon Communications &lt;A HREF=""http://www.investor.reuters.com/FullQuote.aspx?ticker=VZ.N target=/stocks/quickinfo/fullquote""&gt;VZ.N&lt;/A&gt; has gained  the backing of partner Vodafone Group &lt;A HREF=""http://www.investor.reuters.com/FullQuote.aspx?ticker=VOD.L target=/stocks/quickinfo/fullquote""&gt;VOD.L&lt;/A&gt; to bid for  Sprint.",Business
ag_news_base_0270,Britain removed from the start line BERNIE ECCLESTONE sounded the death knell for the British Grand Prix when he turned down a last-minute offer to save the nation #39;s biggest motor race.,Sports
ag_news_base_0271,Acquaintances hope drugs aren #39;t cause HOUSTON -- Former National League MVP Ken Caminiti #39;s death came as a shock to those who believed the former slugger was turning his life around after being released from jail last week on a 2001 drug charge.,Sports
ag_news_base_0272,"2,500-Year-Old Pomegranate Found In Greece ATHENS, Greece -- A scientific dig has uncovered four pomegranates believed to be 2,500 years old preserved inside a woven basket nestled in a bronze vessel, a Greek archaeologist said Friday.",Tech
ag_news_base_0273,Broncos Penalized Again for Salary Cap Violations The penalties imposed Thursday on the Denver Broncos for violations of the league's rules regarding the disclosure of deferred compensation to players and the salary cap were the second sanctions against the team for similar infractions in less than three years.,Sports
ag_news_base_0274,HK probes Falun Gong 'hacking' Hong Kong investigates after TV programmes beamed into China are allegedly hacked into by Falun Gong.,World
ag_news_base_0275,"Wilkens #39; defense on trial Neither did 95 percent of the other coaches. But in the case of Lenny Wilkens, this particular flaw became part of his legacy, along with the NBA title, the record numbers of wins and losses and the trademark crossed arms and cold stare.",Sports
ag_news_base_0276,"#39;Hundreds #39; killed in ethnic clashes in China Beijing - Several people have been killed in violent ethnic clashes between the Muslim Hui minority and the Han majority in central China #39;s Henan province, officials said Monday.",World
ag_news_base_0277,"St. Helens Has Largest Earthquake Since Mid-October A three-point-one magnitude earthquake shook the crater at Mount Saint Helens Saturday morning. That is the mountain #39;s biggest earthquake since the new lava dome began growing in mid-October, according to the US- Geological Survey.",Tech
ag_news_base_0278,"Lawmakers Troubled by 'Ghost Detainees' WASHINGTON - Congress may keep up the focus on the prison abuse scandal following the disclosure that the military has concealed as many as 100 ""ghost detainees"" from the Red Cross.    The presence of prisoners held by the CIA outside of the military's usual system of registration and care was an important finding of an Army investigation completed last month...",World
ag_news_base_0279,"Apple Rolls Out IPod Photo, Rocks with U2 (Reuters) Reuters - Apple Computer Inc. rolled out\on Tuesday a new iPod that allows users to view and share\photos as it opened nine new iTunes music stores in Europe, \spurring its rivalry with Microsoft Corp. and others.",Tech
ag_news_base_0280,ebay Fun and Holy Toast! The Internet megasite eBay yelled  #39;hold the cheese #39; when they found a 10-year-old grilled cheese sandwich that its owner says bears the image of the Virgin Mary being auctioned off on its website.,Tech
ag_news_base_0281,"Update 3: Commerzbank to Cut 900 Banking Workers Commerzbank AG said Tuesday it had narrowed its third-quarter net loss but was slashing 900 of the 2,000 jobs in its investment banking division, practically eliminating the unprofitable department.",Business
ag_news_base_0282,"Cincinnati drivers stuck in the slow lane Commuters in the Cincinnati metropolitan area waited an average of 38 hours in traffic tie-ups in 2002 -- making it the 27th most congested large city in the nation, according to a report by the Texas Transportation Institute.",Business
ag_news_base_0283,"Italy Rejoices As Hostages Released (AP) AP - A relieved Italy broke into celebration after two Italian aid workers kidnapped in Iraq three weeks ago were released Tuesday, arriving home hours later aboard a private jet.",World
ag_news_base_0284,"Do You Take Cash, Credit or Chip? A Japanese company creates a memory card which could change the method of spending money. Also: Google to set up digital book samples    hellip;. Nintendo equips handheld console   hellip;. and more.",Business
ag_news_base_0285,"The Future of Calamity In seven hours last week, great ocean waves exacted a terrible price in wealth and human lives. Future catastrophes may be far grimmer.",Tech
ag_news_base_0286,"Little doubt about it for Palko, Panthers TAMPA, Fla. -- Tyler Palko did his job. Now, he and No. 19 Pittsburgh will let Bowl Championship Series officials determine where the rejuvenated Panthers will celebrate New Year's Eve.",Sports
ag_news_base_0287,"Yudhoyono Wins Indonesia Poll- Preliminary Result (Reuters) Reuters - Former general Susilo Bambang Yudhoyono\has won Indonesia's presidential election run-off in a\landslide, preliminary final results showed on Monday.",World
ag_news_base_0288,"MetLife may be sued over Boston unit MetLife Inc. , the second-largest US life insurer, said the Securities and Exchange Commission may sue the company for improperly recording expenses at its New England Life Insurance Co. unit.",Business
ag_news_base_0289,Russia's upper house backs Kyoto Russia's upper house of parliament votes to ratify the international treaty on climate change.,World
ag_news_base_0290,"Oracle takes a giant step, wins 61pc of PeopleSoft shares After nearly 18 months of stuggle, and a  quot;final offer quot; deadline that expired at midnight, Oracle now owns of 61 per cent of PeopleSoft -- a giant, but not quite final, step toward winning control of the company.",Business
ag_news_base_0291,"American soldiers are arrested for murder of a wounded Iraqi &lt;b&gt;...&lt;/b&gt; At least four Iraqi police officers were killed and 16 American soldiers were wounded Saturday in a string of insurgent attacks across central and northern Iraq, military officials said.",World
ag_news_base_0292,"Twins Edge Royals 4-3 MINNEAPOLIS - Terry Tiffee led off the bottom of the ninth with his first major league home run to lift the Minnesota Twins past Kansas City 4-3 on Saturday.    Tiffee, who joined the Twins when rosters expanded on Sept...",World
ag_news_base_0293,Intense talks on NI power-sharing Two key meetings are set to take place as efforts intensify to restore power-sharing in Northern Ireland.,World
ag_news_base_0294,Blasts Strike Sinai Resort in Egypt A string of bombs hit a resort and a campground popular with Israelis in Egypt #39;s Sinai Peninsula at the end of a Jewish holiday killing at least 19 people.,World
ag_news_base_0295,"Lawmakers agree to new ban on Internet taxes WASHINGTON, Nov 19 (AFP) - The House of Representatives on Friday approved a ban on taxing Internet access and online sales, which US President George W. Bush is expected to sign, a sponsor of the bill said.",Business
ag_news_base_0296,"Global Warming Fast Facts Global Warming is a hot topic that shows little sign of cooling down. Earth's climate &lt;i&gt;is&lt;/i&gt; changing, but just how it's happening, and our own role in the process, is less certain. &lt;b&gt;Includes photo gallery.&lt;/b&gt;",Tech
ag_news_base_0297,"22 held after Afghan gun battle; renegade clan leader seized US and Afghan soldiers detained 22 suspected Taliban members in a major search operation after a gun-fight in a southern Afghan mountain range, officials said yesterday.",World
ag_news_base_0298,"Report asserts Kazaa makes the rules Setting aside Sharman Networks #39; objections, an Australian judge accepted last Friday an affidavit with potentially damaging assertions about Kazaa #39;s handling of copyrighted material.",Tech
ag_news_base_0299,"Sox must now avoid a new kind of  #39;curse #39; In the Yale Daily News last Friday, Steven Smith, the master of Branford College, published a paean to the New York Yankees. He stated,  quot;The Yankees represent to me all that is optimistic and confident in",Sports
ag_news_base_0300,IAEA: EXPLOSIVES MISSING FROM IRAQ LONDON MENL -- The International Atomic Energy Agency has reported that several hundred tons of conventional explosives have gone missing from an Iraqi military facility.,World
ag_news_base_0301,"Records Of Dot.Com Roadkill To Be Saved For Posterity All those failed start-ups from the dot.com boom will nevertheless live on, because the University of Maryland and the Library of Congress (LC) see value in saving their records for posterity in a massive digital archive.",Tech
ag_news_base_0302,Is Organized Crime Controlling Your PC? Symantec report says Internet attacks for financial gain on the rise.,Tech
ag_news_base_0303,"Predictable Scots are punished by Iversen Scotland #39;s prospects of qualifying for the World Cup from Group 5 - or even of securing victory in Moldova on Wednesday - turned from dark grey to pitch black yesterday, when a predictably uninspired beating from Norway left them with one point from their",Sports
ag_news_base_0304,"Nanotechnology-Based Products Have Impact (AP) AP - For a science that's about manipulating substances at the molecular level, nanotechnology is starting to bring big profits to many consumer product makers.",Tech
ag_news_base_0305,"ECB to intervene in euro market The European Central Bank and European finance ministers are unhappy with the Euro #39;s surge. To this end, they vowed to closely monitoring exchange rate swings.",Business
ag_news_base_0306,"Icelandair Buys 8.4 Pct. Stake in EasyJet Icelandair Group said Friday it had bought an 8.4 percent stake in budget airline easyJet PLC, whose share price has soared during two days of hectic trading.",Business
ag_news_base_0307,"Scientists Intrigued by Rare Dead Whale (AP) AP - The body of a whale resembling a giant dolphin that washed up on an eastern Australian beach has intrigued local scientists, who agreed Wednesday that it is rare but are not sure just how rare.",Tech
ag_news_base_0308,Athletics: Young handed life ban The US anti-doping agency banned the sprinter Jerome Young for life yesterday after the world 400-metre champion #39;s second positive test for an illegal steroid.,Sports
ag_news_base_0309,"Germany Expands Same-Sex Couples' Rights (AP) AP - German lawmakers expanded the rights of same-sex couples Friday, allowing registered domestic partners to adopt each other's children and making rules on splitting up and alimony similar to those for heterosexual marriages.",World
ag_news_base_0310,"US Airways flight attendants OK possible strike The more than 5,000 US Airways flight attendants represented by the Association of Flight Attendants overwhelmingly voted in favor of possible strikes against the carrier.",Business
ag_news_base_0311,"IBM, Intel to Open eServer Blade Designs (Ziff Davis) Ziff Davis - In an effort to seed the market for future designs, the companies plan to provide the specifications for the BladeCenter switching framework, the blade adapter framework and the design of the blade itself.",Tech
ag_news_base_0312,"Cassini Fires Engine to Raise Orbit (AP) AP - The Cassini spacecraft successfully fired its engine for 51 minutes Monday to raise its orbit so it will not pass through Saturn's rings on its next close approach to the planet and to set itself on course for another flyby of the big moon Titan on Oct. 26, NASA said.",Tech
ag_news_base_0313,"Jordan Says Wizards Won't Tolerate Guff (AP) AP - Kwame Brown's boycott of a team huddle during a game was an example of immaturity that will not be tolerated, according to Washington Wizards coach Eddie Jordan.",Sports
ag_news_base_0314,"Sexton's first start a success TALLAHASSEE, Fla. -- Wyatt Sexton threw three touchdown passes in his starting debut and Leon Washington ran for 153 yards and a touchdown as No. 9 Florida State defeated North Carolina, 38-16, yesterday.",Sports
ag_news_base_0315,"UPDATE 1-Cirrus Logic cuts 7 percent of staff Cirrus Logic Inc. (CRUS.O: Quote, Profile, Research) , a maker of microchips for consumer electronics and other applications, on Wednesday said it had cut its work force by",Business
ag_news_base_0316,SF Hotel Lockout Ends; Workers Back On Job Tuesday SAN FRANCISCO -- Thousands of San Francisco hotel workers embroiled in a labor dispute will return to work Tuesday under an agreement announced Saturday by Mayor Gavin Newsom before a crowd of beaming employees and relieved hotel representatives.,Business
ag_news_base_0317,Europeans to Resume Talks With Iran (AP) AP - European negotiators resume talks with Iran on Wednesday on a last-chance offer of incentives aimed at getting the Tehran regime to stop enriching uranium and avoid the threat of possible U.N. sanctions.,World
ag_news_base_0318,"Survey: Incentives dim US cars' image  DETROIT -- The cash rebates and financing deals that Detroit's Big Three automakers have used to drive business in recent years are diminishing the value of their vehicles in the eyes of consumers, a new quarterly survey of customer satisfaction indicates.",Business
ag_news_base_0319,"Beckham virus: affair pics infect the net Virus writers are exploiting the publicity surrounding England football captain David Beckham, offering photos proving that he has been having an affair, to infect computer users PCs with the malicious Hackarmy trojan virus.",Tech
ag_news_base_0320,"Editorial: A planet just like home For however many millennia mankind has peered at the heavens, no one had ever identified a planet outside the solar system, and, being prone to extrapolating, many assumed no one ever would.",Tech
ag_news_base_0321,Latest Colaborata Upgrade Bows (Reuters) Reuters - TransMedia has unveiled\the latest version of its Colaborata online media platform and\said that ASCAP and SLG Advertising were among the first\customers to license the product. Other major\entertainment-related customers will be announced soon.,Tech
ag_news_base_0322,"Yahoo Acquires Another E-Mail Startup Yahoo Inc. appeared to move a step closer to challenging Google Inc. in searchable Web mail, acquiring the startup behind the powerful e-mail application Bloomba.",Tech
ag_news_base_0323,"Bid to save Ivorian disarmament Ivory Coast's political rivals are to meet to try to save the disarmament process, which is supposed to start on Friday.",World
ag_news_base_0324,Bat Lifted by Higher Volumes and Profits British American Tobacco posted a 20 rise in profits today and said a business-transforming deal in the United States had shown early promise.,Business
ag_news_base_0325,"Presidential candidate arrested A PALESTINIAN presidential candidate was arrested by Israeli authorities for allegedly attacking a border guard at a roadblock near Jerusalem, his party said.",World
ag_news_base_0326,"Last Year Is Last Year, or So the Giants Hope Last year's Giants were 4-4 after eight games, then went on an eight-game losing streak, collapsing in a heap of injuries and lost confidence.",Sports
ag_news_base_0327,"Technology worker opens shop for digital photos only PLANO, Texas - All Jeff Goulston wanted was a little job security. Having watched thousands of jobs get shipped overseas, the technology consultant saw his long-term prospects drying up.",Tech
ag_news_base_0328,"State grant to aid Lynn; Bank gives Salem \$10k Central Square in Lynn should be looking a bit brighter. New sidewalks, curbs, fences, lights, landscaping, and road improvements are planned for the Gateway Artisan Block, a key area of the square, with \$830,000 in state grant money given to Lynn last week.",Business
ag_news_base_0329,"Can Howard Stern bring subscribers to satellite radio? It took three 1,000-pound satellites to launch Sirius Satellite Radio Inc. #39;s subscription radio service two years ago. Now the company is betting that one man - shock jock Howard Stern",Business
ag_news_base_0330,"POTA to go, Centre to beef up another law NEW DELHI, SEPTEMBER 17: The Cabinet today approved the repeal of POTA, an anti-terrorism law enacted by the NDA Government, stating that it was a draconian law and being grossly misused.",World
ag_news_base_0331,"Dubya UN-deterred A stern President Bush told the UN yesterday that his policies on Iraq are good for world peace, and scornfully attacked John Kerry for criticizing the war.",World
ag_news_base_0332,Ukraine shifts focus to polling booth Parliament failed Tuesday to agree on constitutional changes and election reforms.,World
ag_news_base_0333,"RealNetworks Sells 3 Mln Songs, Ends Download Promo RealNetworks Inc. RNWK.O is ending its 49 cent-per-song music download service but will keep the promotional prices in place for top 10 songs, the Internet media and software company said on Thursday.",Tech
ag_news_base_0334,Siemens Unveils Cordless Phones For Skype Users VoIP provider Skype has teamed up with Siemens Communications to offer cordless phones in a move that gives Skype users the ability to drop their headsets and use Siemens phones for free Web telephoning.,Tech
ag_news_base_0335,Soybean rust discovered in US Northeast Iowa farmers have said for years it was only a matter of time before soybean rust was found in the United States. Time #39;s up.,Business
ag_news_base_0336,"Nichols Declines to Appeal Convictions PONCA CITY, Okla. - Oklahoma City bombing conspirator Terry Nichols will not appeal his state murder convictions for his role in the 1995 bombing of the Oklahoma City federal building, his attorney said Thursday...",World
ag_news_base_0337,Researchers Develop Method to Find Algae HOUSTON - Marine researchers are hoping to prevent tides of destructive algae from killing fish and fouling beaches through early detection of the microscopic organisms.,Tech
ag_news_base_0338,"Iraqi Officials Consider Extending Voting Period Iraq's Independent Electoral Commission said on Wednesday it may consider holding next month's elections over an extended period, as Prime Minister Iyad Allawi had suggested.",World
ag_news_base_0339,"RPT-UPDATE 2-US mortgage refinancings lose steam despite rates The number of US mortgage refinancings fell sharply last week suggesting that the refinancing boom may have run its course even as rates eased, economists said.",Business
ag_news_base_0340,Death in the Sudan: The world can no longer delay intervention A full season has passed since the UN Security Council gave the government in Sudan one month to stop its campaign of ethnic cleansing in the region of Darfur.,World
ag_news_base_0341,"AMD, IBM extend chip-development deal Chipmaker will pay Big Blue nearly \$300 million, but move should help in competition with Intel.",Tech
ag_news_base_0342,"Spice Isle in ruins BRIDGETOWN, Barbados - There are reports that at least 12 people were killed and 90 per cent of all homes in Grenada have been destroyed by Hurricane Ivan which has left  quot;incalculable destruction quot; in the Caribbean  #39;Isle of Spice #39;.",World
ag_news_base_0343,"Spanish laureate 'was informer' Prize-winning Spanish writer  Camilo Jose Cela informed for General Franco's regime, a historian says.",World
ag_news_base_0344,"Fear of violence grips B #39;desh on day of mass strikes Dhaka, Aug 30. (PTI):Fear of violence gripped Bangladesh as the country #39;s two major parties faced-off on the streets today to protest the deadly grenade attack on the main opposition rally which killed 20 people and injured more than 300.",World
ag_news_base_0345,"After Wait, Google Set for Market Debut NEW YORK (Reuters) - Shares of Google Inc. will make their Nasdaq stock market debut on Thursday after the year #39;s most anticipated initial public offering priced far below initial estimates, raising \$1.67 billion.",Business
ag_news_base_0346,"Windows Update Operating systems just ain #39;t what they used to be. For a while, Microsoft released a new version of Windows every two or three yearseach creating a ripple effect on how we all used and thought about technology. But now, there #39;s a ...",Tech
ag_news_base_0347,"Attacking piracy top priority of new Hollywood lobbyist Get INQ7 breaking news on your Smart mobile phone in the Philippines. Send INQ7 BREAKING to 386. LOS ANGELES, California, United States of America -- Hollywood #39;s new studio czar Dan Glickman vowed on Monday",Tech
ag_news_base_0348,"Oil Near \$49 as Iraq Violence Escalates LONDON (Reuters) - Global oil prices raced to fresh highs on Friday carrying US crude close to \$49 a barrel, driven by escalating violence in Iraq and unabated demand growth from China and India.",Business
ag_news_base_0349,"Hot skills: Oracle Application Server offers an alternative to IBM &lt;b&gt;...&lt;/b&gt; Oracle Application Server 10g is an application platform suite that offers full support for J2EE, high-speed caching, rapid application development, enterprise portals, identity management, business intelligence, application and business integration",Tech
ag_news_base_0350,"Paige Defined by No Child Left Behind Act (AP) AP - Rod Paige's tenure as Education secretary was defined by his defense of one law, No Child Left Behind Act, the biggest change in federal education policy in decades.",World
ag_news_base_0351,"Kings Beat Rockets in Tense Beijing Finish The Sacramento Kings beat the Houston Rockets in a nail-biter pre-season game in Beijing on Sunday, 91-89, on a baseline jumpshot by reserve guard Bobby Jackson in the final seconds.",Sports
ag_news_base_0352,"Born to run THE HUMAN body is a long-distance running machine that came off the evolutionary assembly line about 2 million years ago, according to researchers writing in the journal Nature last week. That may be hard to believe given the current obesity problem and the attachment Homo sapiens have for their expensive, multifunctional easy chairs. But on closer look the theory makes ...",Sports
ag_news_base_0353,Dell offers Media Center on the cheap Dell customers can upgrade from Microsoft Windows XP to Dell #39;s XP Media Center operating system for half the price as part of a promotion running from now until Nov. 22.,Tech
ag_news_base_0354,"German Welfare Cuts Kick In, Protests Limited  BERLIN (Reuters) - Germany's sweeping welfare reforms went  into effect without a hitch Monday as labor offices cut  payments for a million jobless and qualifying tests got  tougher.",World
ag_news_base_0355,In Pursuit of Happiness One Fool experiences more than two hours of lost pre-party productivity in a Barnes   Noble quest.,Business
ag_news_base_0356,"Huskies Shut Out Buffalo To Earn Bowl Eligibility EAST HARTFORD, CT (November 20, 2004) - Senior quarterback Dan Orlovsky (Shelton, Conn.), playing in the home final game of his illustrious career, threw for 283 yards, sophomore tailback Cornell Brockington (Burlington, NJ) ran for 136 yards and two",Sports
ag_news_base_0357,Europe doesn #39;t believe in democracy What Tony Blair disarmingly calls his  quot;damn high wire act quot; is getting shakier. The bridge between Europe and the United States has become a frayed rope in a tug-of-war match.,World
ag_news_base_0358,"First Look: Big Sound for Small Spaces Niro 400 package offers easy setup and good audio, but falls short on surround sound.",Tech
ag_news_base_0359,"China to Set Up Wal-Mart Union Branches (AP) AP - China's Communist Party-controlled union is ready to help Wal-Mart Stores Inc. set up union branches at its Chinese outlets ""as soon as possible,"" reports and union officials said Thursday.",World
ag_news_base_0360,"Illinois Takes Top Ranking in AP Poll (AP) AP - Illinois took an unusual route to the top of The Associated Press' men's college basketball poll. The Illini, riding their impressive win over then-top-ranked Wake Forest, vaulted from fifth to No. 1 on Monday, moving past three unbeaten teams.",Sports
ag_news_base_0361,"MySQL calls open source database enterprise-ready (InfoWorld) InfoWorld - MySQL on Wednesday announced general availability of Version 4.1 of its MySQL open source database, which the company is positioning as production-ready for large-scale enterprise usage.",Tech
ag_news_base_0362,"EU to Lift U.S. Sanctions Jan. 1  BRUSSELS (Reuters) - The European Commission is sticking  with its plan to lift sanctions on \$4 billion worth of U.S.  goods on Jan. 1 following Washington's repeal of illegal export  tax subsidies in October, a spokeswoman said on Thursday.",Business
ag_news_base_0363,Microsoft testing new e-mail subscription service Microsoftis testing a new subscription Hotmail service that includes 2GB of e-mail storage and a copy of Outlook 2003 to access the service from the desktop.,Tech
ag_news_base_0364,"Scientists Find Prehistoric Dwarf Skeleton (AP) AP - In a breathtaking discovery, scientists working on a remote Indonesian island say they have uncovered the bones of a human dwarf species marooned for eons while modern man rapidly colonized the rest of the planet.",Tech
ag_news_base_0365,"DT Wants All of T-Online BONN, Germany -- On Saturday, Deutsche Telekom #39;s Supervisory Board approved a merger plan by the Board of Management. One day later, T-Online #39;s Supervisory Board consented to the offer of merger negotiations.",Business
ag_news_base_0366,"A Closer Look At Privacy And Desktop Search Google's new Google Desktop Search tool raises a number of search privacy issues. In this article, we'll look at some of the usual specters of search privacy plus some new things people should consider.",Tech
ag_news_base_0367,Briefly: Rice lab makes nano parts less toxic roundup Plus: TV chip company gets \$19 million...Oracle extends deadline on PeopleSoft bid...MLB sells game clips for 99 cents...TiVo hires marketing chief.,Tech
ag_news_base_0368,"PRODUCT RECALLS -- Procter  amp; Gamble Co. of Cincinnati is recalling 175,000 SweepVacs by Swiffer Vacuum Cleaner. In some cases, when the vacuum cleaner is left in the on position, the rotor can lock up and cause the unit to overheat.",Business
ag_news_base_0369,"Mars rover finds more proof of water The Mars rover Opportunity has found new evidence of past existence of water on the Red Planet, NASA said. Opportunity keeps finding new clues of past water as it continues probing Mars, said mission scientists",Tech
ag_news_base_0370,"Turkey back on track for EU membership Turkey #39;s long battle for EU membership was back on track yesterday, after Ankara pledged to press ahead with key reforms and backed down over plans to criminalise adultery.",World
ag_news_base_0371,"Judge adjourns Ba #39;asyir #39;s trial until Nov. 4 : The trial of Indonesian Muslim cleric Abu Bakar Ba #39;asyir, the alleged spiritual leader of Southeast Asian terrorist group Jamaah Islamiyah, has been adjourned for a week until Nov. 4, the presiding judge Soedarto said on Thursday.",World
ag_news_base_0372,"Hilton Profit Up on Travel Recovery  NEW YORK (Reuters) - Hilton Hotels Corp. &lt;A HREF=""http://www.investor.reuters.com/FullQuote.aspx?ticker=HLT.N target=/stocks/quickinfo/fullquote""&gt;HLT.N&lt;/A&gt; on Monday  said third-quarter earnings almost doubled as business and  leisure travel increased, filling its big urban hotels.",Business
ag_news_base_0373,Berlusconi in Libya to discuss illegal immigration with Kadhafi (AFP) AFP - Italian Prime Minister Silvio Berlusconi met Libyan leader Moamer Kadhafi for talks on how to stop illegal immigrants using the north African state as a springboard for entry into Italy.,World
ag_news_base_0374,Cincinnati Reds Team Report - October 1 (Sports Network) - The Cincinnati Reds will start a season-ending three-game series versus the Pittsburgh Pirates tonight at Great American Ball Park.,Sports
ag_news_base_0375,Program Turns Restaurant Food to Compost (AP) AP - Haute cuisine is going green in a program that recycles restaurant and household food scraps into high-grade compost for Northern California farms and vineyards.,Tech
ag_news_base_0376,"Pakistani court grants bail to Bhutto #39;s husband ISLAMABAD: A Pakistani court yesterday granted bail to the husband of former prime minister Benazir Bhutto, and officials from her party said the decision should result in his release after eight years in prison.",World
ag_news_base_0377,"Supercomputer race heats up With new rankings due soon, SGI, IBM and others are jostling for bragging rights. Also: A speedy Mac system gets speedier.",Tech
ag_news_base_0378,"High-Tech Publisher Tries 'Blogozine' (AP) AP - After Red Herring sank into the dot-com morass last year, Tony Perkins considered resurrecting the magazine that helped establish him as a Silicon Valley sage. He changed his mind when his college-age daughter scoffed and told him ""Red Herring is so 1990s.""",Tech
ag_news_base_0379,"Guantnamo hearings begin Osama bin Laden #39;s Yemeni driver will today become the first Guantnamo Bay prisoner to stand before a US military commission to face war crimes charges, in proceedings that have been denounced as unfair by human rights groups and American military lawyers",World
ag_news_base_0380,"Goldcorp Agrees to Buy Wheaton River Canadian mining company Goldcorp Inc. (G.TO: Quote, Profile, Research) (GG.N: Quote, Profile, Research) plans to buy competitor Wheaton River Minerals Ltd (WRM.",Business
ag_news_base_0381,"Sharon: Peace Depends on Palestinians GAZA CITY, Gaza Strip Dec 13, 2004 - The new Palestinian leadership is not doing enough to restrain militants, Israeli Prime Minister Ariel Sharon said Monday, after attackers blew up an Israeli army outpost in Gaza and killed five soldiers.",World
ag_news_base_0382,Democrats Make Lackluster Gains in HK Elections  HONG KONG (Reuters) - Hong Kong's democrats fell short  Monday of expectations in legislative elections after voters  wary of alienating China's communist rulers chose the stability  offered by the Beijing camp.,World
ag_news_base_0383,Becks in FAKE romp with Spanish prostitute Gossip-seekers eager to dig up dirt on David Beckham risk ending up at a website that infects their computer with an insidious virus called Hackarmy.,Tech
ag_news_base_0384,"Suicide attack kills 13 in Baghdad A suicide car bomber killed 13 people today next to the heavily fortified area in central Baghdad housing the interim government and US embassy, and eight US Marines died in combat in western Iraq.",World
ag_news_base_0385,"The Call Is Cheap. The Wiretap Is Extra. At first glance, it might seem like the simple extension of a standard tool in the fight against the bad guys. But in fact, wiretapping Internet phones to monitor criminals and terrorists is",Business
ag_news_base_0386,"Business News for Technology Leaders Delphi #39;s global production volumes and commodity price increases are expected to translate to Q4 revenue of \$6.9-\$7 billion, about \$200 million below the company #39;s previously stated expectations.",Business
ag_news_base_0387,"Blue Chips Fall on Oil, Apple Lifts Techs  NEW YORK (Reuters) - U.S. blue-chip stocks fell on Monday  as oil prices nudged higher and as drug maker Pfizer Inc.  &lt;A HREF=""http://www.investor.reuters.com/FullQuote.aspx?ticker=PFE.N target=/stocks/quickinfo/fullquote""&gt;PFE.N&lt;/A&gt; and aluminum producer Alcoa Inc. &lt;A HREF=""http://www.investor.reuters.com/FullQuote.aspx?ticker=AA.N target=/stocks/quickinfo/fullquote""&gt;AA.N&lt;/A&gt; were hit by  broker downgrades.",Business
ag_news_base_0388,"A Strategy for Shell? The Royal Dutch/Shell Group said yesterday that it would sell as much as \$12 billion in assets, spend \$45 billion on new projects and consider some acquisitions as it tries to bolster oil and gas production.",Business
ag_news_base_0389,UPDATE 1-Mexico #39;s Cemex shares tumble on RMC deal Shares of Mexico #39;s Cemex slumped on Monday after the world #39;s No. 3 cement maker agreed to buy Britain #39;s RMC Group in the largest ever acquisition by a Mexican firm.,Business
ag_news_base_0390,"News: Search News - Yahoo Partners With Adobe Adobe Systems Inc., and Yahoo! today announced a partnership aimed at providing access to Yahoo! Search through Adobe Reader and a co-branded toolbar featuring Adobe Services.",Tech
ag_news_base_0391,"Baseball in DC, Angelos likely smiling Peter G. Angelos could sell the Baltimore Orioles for almost \$200 million more than he paid for the team 11 years ago under terms of a deal he is negotiating with Major League Baseball to compensate him for the Montreal Expos moving to Washington",Sports
ag_news_base_0392,Davenport out of WTA Championships Lindsay Davenport #39;s world number one ranking is in doubt after she failed to make the finals of the WTA Tour Championships in Los Angeles.,Sports
ag_news_base_0393,"All they ask for Christmas is to keep their two front teeth Just in time for holiday giving, parents are being warned that the popular yo yo water ball that kids bounce and twirl like a lasso is responsible for 400 child injuries nationwide since October, including five in Arizona.",Business
ag_news_base_0394,"Cassini Spacecraft Discovers 2 New Moons Around Saturn The US Space Agency #39;s Cassini spacecraft has discovered two new moons around Saturn - bringing the planet #39;s count to 33. NASA said Monday the images of the two, small moons were taken June 1.",Tech
ag_news_base_0395,"SunTrust Expects to Restate  NEW YORK (Reuters) - SunTrust Banks Inc. &lt;A HREF=""http://www.investor.reuters.com/FullQuote.aspx?ticker=STI.N target=/stocks/quickinfo/fullquote""&gt;STI.N&lt;/A&gt;, the No. 7  U.S. bank, on Monday said it put two senior finance executives  on paid leave, and expects to restate first- and second-quarter  profit higher as it fixes errors in how it accounts for loan  losses.",Business
ag_news_base_0396,"Israel carries out new air strike on Gaza City GAZA CITY, Oct 22 (AFP) - Israel carried out another air strike on Gaza City overnight Thursday, witnesses said Friday. Helicopter gunships fired three missiles at the house of a local chief of the so-called People #39;s Resistance Committees.",World
ag_news_base_0397,HFC bank in mass e-mail blunder Customers of HFC bank are furious after an e-mail error revealed their personal details to thousands of other people.,Tech
ag_news_base_0398,"Killing fuels Dutch clash of cultures UDEN, Netherlands -- They had gathered for prayers at a mosque on the final night of the Muslim holy month of Ramadan when someone shouted, ''Fire at the school! quot;",World
ag_news_base_0399,Rumsfeld says US forces  quot;unlikely quot; to storm holy places in Najaf WASHINGTON : The United States pulled its punch in Iraq as Defense Secretary Donald Rumsfeld announced US forces arrayed in Najaf against Shiite militants of firebrand cleric Moqtada Sadr were  quot;unlikely quot; to storm the town #39;s holy places to deal the militia ...,World
ag_news_base_0400,"Palestinians Set Jan. 9 For Vote Palestinian officials scheduled presidential elections for Jan. 9, 2005, pushing forward with steps to a secure a new leader following the death of Yasser Arafat.",World
ag_news_base_0401,"Shifts and shake-ups in open source MySQL developers turn to an unlikely source for database tool: Microsoft. Also: SGI visualizes Linux, and the return of Java veteran Kim Polese.",Tech
ag_news_base_0402,"Terrorists execute British hostage in Iraq A British national who was kidnapped along with two Americans was beheaded, his family said Friday, ending hopes that the family #39;s relentless fight for his release would work.",World
ag_news_base_0403,"Found: Nessie #39;s distant cousin A fossil resembling the Loch Ness monster has been found on a remote Arctic island. The well-preserved bones belonged to a plesiosaur, a giant marine reptile with a long neck and tail, plump body and legs which evolved into flippers.",Tech
ag_news_base_0404,"No To-Morrow The Ravens released their final 53-man roster Monday. The team terminated the contract of veteran fullback Harold Morrow, and waived eight other players.",Sports
ag_news_base_0405,"Vivendi boosts Moroccan stake Vivendi Universal increases its stake in Morocco's national telecoms business, days before it is partially floated.",Business
ag_news_base_0406,"Finland Wins European Pool in Hockey (AP) AP - Finland didn't get its long-awaited revenge on Sweden, but a 4-4 tie was good enough to win the European Pool at the World Cup of Hockey on Saturday.",Sports
ag_news_base_0407,Nextel and Verizon Settle Legal Disputes NEW YORK - Nextel Communications Inc. and Verizon Wireless unexpectedly resolved a heated dispute Tuesday over a federal proposal to clear up interference between cell phones and emergency response radios,Business
ag_news_base_0408,"Carlyle Increases Its Interest in Debt Deals Carlyle Group , among the biggest buyers of private companies, is busily expanding its corporate loan operation.",Business
ag_news_base_0409,Ford matches GM deals Ford Motor Co said on Wednesday it will match rival General Motors Corp. #39;s offer of interest-free car loans for up to six years on 2004 model-year vehicles.,Business
ag_news_base_0410,"German virus author charged woth cmputer sabotage The teenager accused of authoring the Sasser and Netsky worms has been formally charged with computer sabotage. Eighteen-year-old Sven Jaschan was arrested in May at his parents #39; home in Waffensen, Lower Saxony, in northern Germany.",Tech
ag_news_base_0411,"Smoltz back in starting rotation He has won 20. He has saved 50. And now that he #39;s back in the Braves #39; starting rotation, he #39;ll probably win 20 again. John Smoltz last started a game back in the 2001 season.",Sports
ag_news_base_0412,Novell Pledges To Protect Open Source Against Legal Claims (NewsFactor) NewsFactor - Novell (Nasdaq: NOVL) has pledged to use its patent portfolio to protect the company's open-source software and proprietary offerings against potential legal attacks based on intellectual-property rights.,Tech
ag_news_base_0413,"Microsoft files suits against smut spammers Microsoftis again using the courts to pursue individuals allegedly responsible for spam e-mail campaigns, this time going after those who send out unsolicited and sexually explicit e-mail.",Tech
ag_news_base_0414,"U.S. Defiance Undermined by Lack of Conviction  BLOOMFIELD HILLS, Mich. (Reuters) - The words were there  but the conviction was missing as members of the U.S. team  vowed to produce another Ryder Cup miracle Saturday.",Sports
ag_news_base_0415,"Sox have eyes on the big prize With their eyes set squarely on the prize, there was no indication from the Red Sox yesterday that they were leading the 100th World Series, 2-0, needing only",Sports
ag_news_base_0416,"SUPERWEBINAR: Cisco #39;s 40-Gig CRS-1- Light Reading Test Results Overview: This webinar will provide insight into the results of the first independent industry evaluation of Cisco #39;s 40-Gig core router, the Carrier Routing System (CRS-1).",Tech
ag_news_base_0417,"OPEC will keep reference prices unchanged. The Organization of Petroleum Exporting Countries, OPEC, will maintain the oil prices reference band unchanged in the coming meeting scheduled for September 15 in Vienna, said Purnomo Yusgiantoro, OPECs president.",Business
ag_news_base_0418,AL playoffs: Rodriguez-led NY finds a way The Yankees needed someone to save Mariano Rivera. Alex Rodriguez and Derek Jeter sparked a championship-caliber rally just in time.,Sports
ag_news_base_0419,"Nortel: Nowhere To Go But Up NEW YORK - It certainly sounds like bad news when a company fires seven executives for financial malfeasance, lays off 3,500 employees and advises investors that it expects sluggish market growth for the year. But for Ontario-based Nortel Networks, it #39;s ...",Business
ag_news_base_0420,"Davidoff Swiss Indoors, Basel British number one Tim Henman is currently facing world number 80 Anthony Dupuis of France at the Davidoff Swiss Indoors event in Basel.",Sports
ag_news_base_0421,"Germany Paddles to Bronze The men #39;s single slalom canoe race ended with balled fists and shouts of joy for Stefan Pfannmller. But for Germany #39;s women, there was nothing to celebrate.",Sports
ag_news_base_0422,"Sharapova struggles early but wins at Advanta championships The treadmill Maria Sharapova has been on since winning Wimbledon earlier this year has spun at blinding speed. From New York to Beijing to Korea to Zurich, the 17-year-old Russian has tried",Sports
ag_news_base_0423,Teen charged over Sasser virus The alleged writer of the disruptive Sasser virus has been formally charged by German prosecutors.,World
ag_news_base_0424,Nielsen Counts 54.5 Million Broadband Users in Europe The number of people in Europe surfing the Internet over a broadband connection reached 54.5 million in October 2004 -- an increased of 60 from 34.1 million a year earlier -- according to the latest report from Nielsen/NetRatings.,Tech
ag_news_base_0425,"Treasuries Tick Higher, Curve Flattens  NEW YORK (Reuters) - U.S. Treasuries prices were a shade  firmer on Thursday, though gains were tentative at best as a  drought of major data left the market at the mercy of volatile  oil price changes.",Business
ag_news_base_0426,Boston vs. Anaheim The plot: The Anaheim Angels seemed to capture in the final week of the season the swagger they had when they won the 2002 World Series as a wild card.,Sports
ag_news_base_0427,Review: AMD Athlon 64 FX55 AMD has proved time and time again that its processors offer better performance than the competitions - and better value for money too.,Tech
ag_news_base_0428,Dolphins Want Pay Back The Miami Dolphins have asked Ricky Williams to return \$8.6 million they say the running back owes the team because he has decided to retire.,Sports
ag_news_base_0429,"Small Stocks Lead the Way on Wall Street  NEW YORK (Reuters) - When stocks fell into their deepest  hole of the year last month, it was the little guys who  scrambled out the trenches the quickest.",Business
ag_news_base_0430,"Americans Win Gold at World Cyber Games Amid fanfare fit for actual world-class athletes, five Americans with really quick fingers took home the gold medal in the popular ""Counter Strike"" competition of the World Cyber Games championships, capping five days of intense gaming by the world's elite.",Tech
ag_news_base_0431,Huge Nigerian drive against polio Some 13 million children in northern Nigeria are being vaccinated against polio in a bid to wipe out the disease.,World
ag_news_base_0432,"RTX Provides Cordless Phones for Net-Based Calls Danish electronics equipment maker RTX Telecom RTX.CO said on Monday it had signed an agreement with Skype, a provider of Internet-based voice telephony, to develop and market cordless handsets.",Tech
ag_news_base_0433,"France #39;s AXA Faces Poll Delay In Australian Unit Buyout MELBOURNE (Dow Jones)--France #39;s AXA SA (AXA) faces a six-week delay in its attempt to move to full ownership of its Australian insurance subsidiary, with the Australian",World
ag_news_base_0434,"No Moose sightings in extras Unlike their red-stockinged rivals, the Yankees weren't going to use their next scheduled starter -- Mike Mussina -- to relieve if things went bad early last night.",Sports
ag_news_base_0435,Virtual gamers reveal themselves A photography exhibitions in London documents what online identities gamers create for themselves.,Tech
ag_news_base_0436,Garcia and Khan lead in Mallorca Sergio Garcia waltzed into a share of the lead at nine under after a third-round 68 in the Mallorca Classic. The Spaniard holed from a bunker for birdie on 13 and chipped in for birdie on 17 to join England #39;s Simon Khan.,Sports
ag_news_base_0437,"A night to remember at Gillette with 29-6 victory Was Sunday Curt Schilling Night or Tom Brady Night at Gillette Stadium? Probably a lot of both. First, the sellout crowd was able to celebrate the Boston",Sports
ag_news_base_0438,"Petrino Named Coach of the Year; LeFors and Brohm Also Earn &lt;b&gt;...&lt;/b&gt; Louisville, Ky. - Head coach Bobby Petrino, who has guided the University of Louisville to a No. 7 national ranking, has been tabbed as the Conference USA coach of the Year, while senior quarterback Stefan",Sports
ag_news_base_0439,"Burundi, Rwanda threaten Congo invasion BUJUMBURA, Burundi -- Burundi and Rwanda threatened yesterday to send soldiers into neighboring Congo to hunt down Hutu extremists responsible for slaughtering more than 160 Congolese Tutsi refugees at a UN camp in Burundi -- deployments that could reignite a regional conflict in this part of Africa.",World
ag_news_base_0440,"Poultry Producer's Stock Falls 23 Percent  NEW YORK (Reuters) - Poultry producer Sanderson Farms Inc.  &lt;A HREF=""http://www.investor.reuters.com/FullQuote.aspx?ticker=SAFM.O target=/stocks/quickinfo/fullquote""&gt;SAFM.O&lt;/A&gt; said on Tuesday its quarterly profit doubled on strong  demand, but warned of lower wholesale prices and higher grain  costs, sparking a 23 percent drop in its shares.",Business
ag_news_base_0441,"Russia announces work on unique nuclear missile system MOSCOW -- Russia is developing a new nuclear missile system unlike any weapon held by other countries, President Vladimir Putin announced yesterday, in a move that could serve as a message to the United States as Washington pushes forward with a missile defense system.",World
ag_news_base_0442,Red-hot Astros edge Cardinals HOUSTON (Ticker) -- Jeff Bagwell made sure the Houston Astros did not waste a golden opportunity in the National League wild card chase.,Sports
ag_news_base_0443,"PalmOne Debuts Treo 650 Smartphone The Treo 650, which builds on the design of the Treo 600, features a 320 x 320 display, non-volatile memory, and a removable battery together with integrated Bluetooth.",Tech
ag_news_base_0444,"Health Care Can Be Cured: Here's How Americans are burdened with a costly, hugely dysfunctional health-care system. In a new book, a pair of investigative reporters offers a fresh remedy based on a successful model we're all familiar with",Business
ag_news_base_0445,"Kabul bounty hunter trial resumes The trial of three Americans accused of torture and hostage-taking in Afghanistan is due to resume shortly in the capital, Kabul. Last week the US Federal Bureau of Investigation released material which could be used as evidence in the case.",World
ag_news_base_0446,Nigeria rebel leader cites deal A rebel leader who had threatened to attack multinational oil interests in Nigeria says he and President Olusegun Obasanjo have agreed that rebel and government troops will stop firing on each other immediately.,World
ag_news_base_0447,New Trojan Spams SMS The Delf-HA Trojan horse infects PCs and then contacts a Russian Web site to download instructions for running a spam campaign. The Trojan sends spam SMS by using the  quot;Send a text message quot; facility,Tech
ag_news_base_0448,"Star Alliance airlines may delay orders to hear more about Airbus &lt;b&gt;...&lt;/b&gt; C-117 writes  quot;The 15 Star Alliance member carriers decided to move ahead with a complete analysis and comparison of the Boeing 7E7 and Airbus A350, which could be seen as a setback for Boeing, as several airlines may delay potential orders while waiting",Business
ag_news_base_0449,"Storms leave at least 350 dead in Philippines The death toll from landslides and flash floods in the eastern Philippines jumped to nearly 350 with 150 others missing yesterday, most of them from a region still reeling from last week #39;s deadly typhoon.",World
ag_news_base_0450,"Tokyo Stocks Edge Up, Techs Regain Ground (Reuters) Reuters - Tokyo stocks edged up on Thursday as tech\issues bounced back after their U.S counterparts made gains,\but car firms such as Honda Motor Co. Ltd. were a bit lower,\hurt by a fall in U.S. industry sales for August.",Business
ag_news_base_0451,"Disney board goes shopping for a CEO Los Angeles - Walt Disney #39;s board of directors on Tuesday said it will consider both external and internal candidates to replace outgoing chief executive Michael Eisner, and that it plans to find a successor by June 2005.",Business
ag_news_base_0452,UPDATE 2-Van Nistelrooy double helps Dutch sink Finland Ruud van Nistelrooy scored a goal in each half as the Netherlands recovered from a goal down to beat Finland 3-1 in their World Cup qualifier on Wednesday.,Sports
ag_news_base_0453,"Marvel sues NCsoft over City of Heroes Comic book giant Marvel has filed a copyright infringement lawsuit against Korean publisher NCsoft, alleging that players in the firm #39;s MMORPG City of Heroes are creating characters in the likeness of Marvel heroes.",Tech
ag_news_base_0454,Microsoft files seven new spam lawsuits The seven lawsuits were filed on Wednesday in Washington State Superior Court in King County against John Doe defendants who have yet to be identified.,Tech
ag_news_base_0455,"GAO: Social Security Numbers Vulnerable Identity thieves can snare Social Security numbers from a potpourri of public records, especially those maintained by state and local governments, according to a new report by the Government Accountability Office.",Tech
ag_news_base_0456,"NASCAR OKs liquor sponsorships NASCAR returned to its roots Wednesday by lifting a ban on liquor ads on cars, opening the door for teams to be sponsored next season by distilled spirits.",Sports
ag_news_base_0457,"Knicks Defeat Nets, 87-79 (AP) AP - Jamal Crawford scored 30 points in a game otherwise defined by offensive ineptitude  #151; such as the New York Knicks holding the New Jersey Nets without a basket for 15 minutes  #151; in an 87-79 victory Tuesday night.",Sports
ag_news_base_0458,"Two Lebanese Hostages Freed in Iraq - Lawyer  BEIRUT (Reuters) - Iraqi kidnappers have freed two Lebanese  men who were taken hostage west of Baghdad last month, their  company's lawyer said on Wednesday.",World
ag_news_base_0459,"Nokia 9500 Communicator Receives Wi-Fi Certification NEW YORK, November 1 /PRNewswire-FirstCall/ -- Nokia today announced the Nokia 9500 Communicator has been granted the IEEE 802-11b and WPA (Wireless Protected Access) certifications by the Wi-Fi Alliance.",Tech
ag_news_base_0460,"Microsoft raises FUD over patents Microsoft has responded to our story yesterday about it threatening Asian governments that, if they choose Linux, they may get sued - possibly by one of the holders of the  quot;more",Tech
ag_news_base_0461,"Today's schedule Pro baseball: New York Yankees vs. Red Sox at Fenway Park, 7 p.m. College field hockey: Framingham St. at Fitchburg St., 10 a.m.; Bridgewater St. at Worcester St., 10 a.m.; Bryant at Franklin Pierce, 10:30 a.m.; UNew England at Endicott, 11 a.m.; WNEC at Elms, 11 a.m.; Wheaton at Springfield, 11 a.m.; Tufts at Amherst, 11 a.m.; Colby at Trinity, ...",Sports
ag_news_base_0462,"Europe vote 'early 2006' - Straw Jack Straw says the UK is likely to hold a vote on the EU constitution early in 2006, as Tony Blair prepares to sign up to it.",World
ag_news_base_0463,"Maker of Twinkies Delays Filing Annual Report, Hires Turnaround Firm   KANSAS CITY, Mo., Aug. 30 -- Twinkie maker Interstate Bakeries Corp. on Monday delayed filing its annual report for the second time, a move that dragged shares lower by more than 42 percent on speculation about the company's ongoing viability.",Business
ag_news_base_0464,"AOL Aims to Lead Internet Travel Purchases Aiming to put itself in the vanguard of the Internet travel business, America Online will invest an undisclosed amount in an upstart that threatens to lure customers away from the industry's most dominant players, such as Orbitz, Expedia and Travelocity.",Tech
ag_news_base_0465,CIT Group Posts Higher 3Q Profit Finance firm CIT Group Inc. on Thursday said more new business and improving credit quality drove a 24 percent climb in third-quarter profit that beat Wall Street targets by a penny.,Business
ag_news_base_0466,"Oil Up on Russia, Iraq Supply Concerns  LONDON (Reuters) - World oil prices rose sharply again on  Thursday after Russian oil giant YUKOS said a Moscow court's  decision to effectively freeze its bank accounts threatened its  ability to continue production.",Business
ag_news_base_0467,Salvation Army Seeks Online Holiday Donations SAN FRANCISCO -- The Salvation Army is counting on tech-savvy Bay Area residents to help the organization meet its holiday fundraising goals with as much clicking of the mouse as clinking of coins.,Business
ag_news_base_0468,"Playboy to open club in Shanghai Playboy Enterprises, the adult entertainment company, has announced plans to open a private members club in Shanghai even though the company #39;s flagship men #39;s magazine is still banned in China.",Business
ag_news_base_0469,"Intel Doubles Dividend, Expands Buyback (Reuters) Reuters - Intel Corp. , the world's\largest maker of computer chips, said on Wednesday it would\double its quarterly dividend to 8 cents a share, the second\time this year it has doubled its cash payout.",Business
ag_news_base_0470,"Google v. Microsoft: Trustbusters Not Needed Last week, Google, a company renowned for its search service, released the Google Desktop, a software program that lets users search through materials stored on their",Tech
ag_news_base_0471,"Brief: Novell sees delay in shipping Open Enterprise Server Novell said today that its new Open Enterprise Server product will ship in February 2005, about two months later than the company had announced in March.",Tech
ag_news_base_0472,"Young Palestinians, after rule of Arafat, hope for rule of law RAMALLAH, WEST BANK - They fly his banner, wear his face on their T-shirts, and utter solemn prayers with upturned hands at his graveside.",World
ag_news_base_0473,"US anti-missile shield test fails The first test of the United States anti-missile shield in nearly two years, has failed. Our correspondent, John Shovelan, reports the Missile Defence Agency says the ground-based interceptor has shut down, due to an unknown anomaly.",Business
ag_news_base_0474,"Roof gardens: looking good, saving money Once roof gardens were just a matter of aesthetics; now there's something called a  quot;green roof quot; that has environmental benefits.",Business
ag_news_base_0475,"Dollar Eases Before GDP Data, Greenspan  LONDON (Reuters) - The dollar turned tail from recent  three-week highs against the euro and Swiss franc on Friday as  investors grew cautious ahead of U.S. growth data and a speech  by Federal Reserve Chairman Alan Greenspan.",Business
ag_news_base_0476,"Bashir charged in hotel bomb case Militant cleric ordered suicide attack on Marriott hotel, says indictment. Not clear whether Bali bombings included in charge. JAKARTA - Indonesian prosecutors have formally charged militant cleric Abu Bakar",World
ag_news_base_0477,"Jobless Claims Drop Despite Hurricane  WASHINGTON (Reuters) - The number of people filing  first-time claims for U.S. jobless insurance fell 37,000 last  week despite continued elevated applications in Southeast  states struck by a rash of hurricanes, the government said on  Thursday.",Business
ag_news_base_0478,"New Fissure Opens on Etna Volcano (Reuters) Reuters - A new fissure yawned open on the\southeastern side of Sicily's Mount Etna volcano on Tuesday,\oozing out enough lava to cross a city block, researchers said.",Tech
ag_news_base_0479,Tens of thousands of Israeli settlers rally against Sharon #39;s &lt;b&gt;...&lt;/b&gt; Tens of thousands of Israeli settlers and their supporters yesterday took part in a right-wing demonstration in Jerusalem #39;s Zion Square.,World
ag_news_base_0480,"Greenspan: Banks Can Stop Illegal Tying  WASHINGTON (Reuters) - Federal Reserve Chairman Alan  Greenspan said internal controls are usually enough to prevent  banks from engaging in illegal types of ""tying,"" a practice in  which low-cost loans are offered to borrowers who agree to buy  other high-fee services.",Business
ag_news_base_0481,"Volatile Oil Prices Hold Stocks in Check NEW YORK - Stocks regained some momentum Thursday as fresh economic data suggested inflation remains well under control, but volatile oil prices gave investors some pause late in the session.    Analysts are closely watching stocks for signs that the market will stabilize in the second half of the year, but choppy trading has made it difficult to build confidence among investors, particularly given recent fluctuations in oil prices...",World
ag_news_base_0482,Virgin Mobile Reports Revenue Growth Virgin Mobile Holdings PLC reported an 18 percent surge in revenue but lower net profits for the half year Thursday as the costs of its listing on the London Stock Exchange this summer hurt the bottom line.,Business
ag_news_base_0483,"Tigers eager to shake bitter losses BATON ROUGE, LA. - No. 13 LSU has two tough road games coming up, against Georgia next weekend and Florida the week after that. Tigers coach Nick Saban doesn #39;t have to worry about his players looking past Mississippi State today, however.",Sports
ag_news_base_0484,Sony's TV Plans Take Shape New 46-inch LCD is just one of eight flat-panel models launched this week.,Tech
ag_news_base_0485,WTO okays sanctions against US GENEVA - The European Union (EU) and its allies got the go-ahead from the World Trade Organisation (WTO) yesterday to slap potentially heavy sanctions on US goods in response to the latter #39;s illegal anti-dumping rules.,Business
ag_news_base_0486,"S.C. Candidates Pledge to Fully Arm GIs (AP) AP - The two candidates vying to fill South Carolina's open Senate seat both pledged Sunday to fully arm American troops in Iraq, as the Army investigates the refusal of a South Carolina-based platoon to go on a convoy mission because their trucks were unarmored.",World
ag_news_base_0487,"Cambodia names a new king  PHNOM PENH, Cambodia -- Prince Norodom Sihamoni was named Cambodia's new king yesterday, succeeding his father, Norodom Sihanouk, who stunned the country last week by announcing his abdication because of ill health.",World
ag_news_base_0488,Van Nistelrooy double saves United from defeat at Lyon Ruud van Nistelrooy struck twice in six minutes to salvage a 2-2 draw for Manchester United against Olympique Lyon in the Champions League on Wednesday and set a 30-goal European scoring record for his club.,Sports
ag_news_base_0489,"New Features Coming to SQL Server 2005 in Beta 3 When Microsoft delivers the Beta 3 version of SQL Server 2005, formerly code-named  quot;Yukon, quot; it will carry a number of feature enhancements that weren #39;t available in the more broadly distributed Beta 2 version.",Tech
ag_news_base_0490,"Crude oil regains strength, thanks to Ivan CALGARY - Oil prices rose to their second-highest closing price on record yesterday, a final gift from Hurricane Ivan, which ravaged the US Gulf Coast last week, cutting oil imports south of the border and destroying key production facilities.",Business
ag_news_base_0491,"Beijing takes part in a workshop with 30 other countries Long shunned as a player in US-led international space ventures, China has been admitted to talks with NASA about helping to accomplish President Bush #39;s goals for exploring the moon and Mars.",Tech
ag_news_base_0492,"EBay Acquiring South Korean Auction Affiliate EBay Acquiring South Korean Auction Affiliate\\EBay Inc., according to news wire reports, has offered a price near \$530 million to purchase the remainder of eBay South Korean affiliate - Internet Auction Co. Ltd. The move is seen as an expansion of the eBay strategy to push deeper into Asia. EBay ...",Tech
ag_news_base_0493,"Alcoa, BHP Billiton to sell shares in Integris Metals IPO NEW YORK, August 23 (New Ratings) - Alcoa Inc (AA.NYS) and BHP Billiton have announced their plans for an initial public offering filing for their metal processing and distribution joint venture, Integris Metals Corporation.",Business
ag_news_base_0494,"Egypt's Mubarak Visits Syria's Assad (AP) AP - Egyptian President Hosni Mubarak made a quickly arranged visit to Syria on Wednesday, holding talks with Syria's President Bashar Assad a day after a divisive debate in the Arab League over Syrian troops in Lebanon.",World
ag_news_base_0495,Siemens backs new wireless technology German telecommunications gear maker Siemens is backing a new kind of broadband wireless technology that will compete with Wi-Fi and 3G cellular services.,Tech
ag_news_base_0496,"Alexandria Hospital to Create a Virtual ICU Starting next month, intensive-care patients at Inova Alexandria Hospital will be monitored round the clock by more than doctors and nurses at their bedsides.",Tech
ag_news_base_0497,"Karzai declares Afghanistan and Pakistan  quot;brothers in fighting &lt;b&gt;...&lt;/b&gt; ISLAMABAD : Pakistan and Afghanistan have reaffirmed they are partners in fighting terrorism, Afghan President Hamid Karzai declared at the end of a two-day visit.",World
ag_news_base_0498,PRESS BOX VIEW - THE SUN Manchester Uniteds 30million central defender returned from an eight-month ban for missing a drug test and looked like he had never been away.,Sports
ag_news_base_0499,HP rejiggers utility computing line Hewlett-Packard next year will take a fresh approach to its utility computing initiative with a product designed to reduce the cost of running corporate computing systems.,Tech
ag_news_base_0500,"Tech Stocks Edge Higher, Lifted by Dell  NEW YORK (Reuters) - Stocks rose slightly on Friday,  boosted by computer maker Dell Inc. &lt;A HREF=""http://www.investor.reuters.com/FullQuote.aspx?ticker=DELL.O target=/stocks/quickinfo/fullquote""&gt;DELL.O&lt;/A&gt;, but gains were  small as Wall Street took a breather after Thursday's rally.",Business
ag_news_base_0501,"Employers To Ring In New Year With More Jobs In its latest quarterly survey, the staffing firm Manpower contacted 16,000 US companies, and about 25 percent of them said they expect to have more openings in the first three months of the new year.",Business
ag_news_base_0502,"* CBK welcomes Norway #39;s role, accuses LTTE of  #39;indecision #39; Sept 17, Colombo: While welcoming Norway #39;s role in the peace process, President Chandrika Kumaratunga accused the LTTE of  #39;indecision over commencement of talks.",World
ag_news_base_0503,Rival series in motion Moves are afoot to break Formula One supremo Bernie Ecclestone #39;s hold on the sport #39;s commercial rights with four major manufacturers appointing a marketing company to determine the feasibility of a rival series.,Sports
ag_news_base_0504,Taiwan court upholds Chen #39;s election victory TAIPEI - Taiwan #39;s High Court on Thursday dismissed a lawsuit filed by opposition parties seeking to nullify the March presidential election and upheld President Chen Shui-bian #39;s victory.,World
ag_news_base_0505,Accord Reached on Overhauling U.S. Intelligence The agreement will allow passage of a bill to enact the major recommendations of the independent Sept. 11 commission.,World
ag_news_base_0506,"Pulsating red giants hide inside deceptive shells An optical illusion has caused astronomers to overestimate the size of a class of giant stars by a factor of two, according to new observations.",Tech
ag_news_base_0507,"Democrats Claim Bush's Bounce Will Fade WASHINGTON - Democrats on Sunday said President Bush's post-convention bounce was triggered by ""four days of mean, vicious attacks"" on John Kerry, and would be short-lived.    They vowed a nonstop, two-month offensive to make up for any lost ground as Kerry made personnel changes at the top of his campaign for the final sprint to Election Day...",World
ag_news_base_0508,"US Is One Win From Final Round Just as US national soccer team coach Bruce Arena had predicted many months ago, the semifinal round of qualifying for the 2006 World Cup has been riddled with treacherous road trips and perplexing",Sports
ag_news_base_0509,Macromedia taps into AIM AOL partner offers new version of Central kit that connects to online giant's instant messenger.,Tech
ag_news_base_0510,"Huge Blast in Jakarta, at Least Three Dead (Reuters) Reuters - A powerful explosion rocked the\Australian embassy in central Jakarta on Thursday, killing at\least three people in the vicinity and injuring more than 100,\witnesses and local radio said.",World
ag_news_base_0511,European Judge Questions Moves Against Microsoft The judge in Microsoft's appeal of the antitrust measures imposed by the European Commission questioned the wisdom of those moves as the hearing wound up.,Tech
ag_news_base_0512,"Running Revolution Started as Evolution Millions of years before headphone-wearing joggers clotted the streets of America, the development of the ability to run played a crucial role in the evolution of early humans, according to new research.",Tech
ag_news_base_0513,"Acer revs new Ferrari notebook The Ferrari 3400 uses Advanced Micro Devices #39; Athlon 64 processor 3000, as well as AMD #39;s technology for extended system battery life, Acer said.",Tech
ag_news_base_0514,"Germany Deports Radical Long Sought by Turks The German police arrested an Islamic radical on Tuesday and deported him to Turkey, which has sought his extradition for years in connection with a failed terrorist attack.",World
ag_news_base_0515,"10 Afghans Released From Guatanamo Bay At least 10 Afghans, including a nomad leader who fought with the Taliban, have been released from a U.S. prison in Guantanamo Bay, Cuba, officials said Wednesday.",World
ag_news_base_0516,"EU takes over Bosnia mission The EU is due to begin is largest peacekeeping operation, taking over from the Nato mission in Bosnia.",World
ag_news_base_0517,"Microsoft stops winking on MSN 7.0 beta Microsoft has delayed beta testing of the next version of MSN Messenger because of a security flaw. Vulnerabilities were discovered in MSN Messenger 7.0, due to be released today, after testers found it had",Tech
ag_news_base_0518,"Hurricane Ivan Rolls Towards Cuba GEORGE TOWN, Cayman Islands - Hurricane Ivan pummeled the Cayman Islands with floodwaters that swamped homes and fierce winds that ripped off roofs, then strengthened to an extremely dangerous Category 5 storm as it headed for western Cuba on Monday.    The slow-moving hurricane, one of the strongest on record to hit the region, killed at least 65 people across the Caribbean before reaching the Caymans and threatens millions more in its projected path...",World
ag_news_base_0519,"Scientists hope to find more tiny hominids SYDNEY: Australian scientists who found a new species of hobbit-sized humans who lived about 13,000 years ago on an Indonesian island yesterday said they expect to discover more new species of hominids on neighbouring islands.",Tech
ag_news_base_0520,"Blair to meet Bush The Prime Minister flies to Washington today for talks with the newly re-elected Republican president, George Bush. Talks are likely to cover the Iraq war, the  quot;road map quot; for peace in the Middle East, the",World
ag_news_base_0521,Storage Networking World: ILM a business matter Users at Storage Networking World are developing information life-cycle management schemes within their storage networks to more efficiently and cost-effectively store data according to business policies.,Tech
ag_news_base_0522,NBA-All-Star Carter Joins Nets in Six-Player Trade (Reuters) Reuters - The Toronto Raptors dealt four-times,Sports
ag_news_base_0523,Hyatt to buy AmeriSuites in plan to develop hotel brand CHICAGO (AFP) - US hotel group Hyatt said it was buying the lodging chain AmeriSuites from the Blackstone investor group as part of its plan to expand the Hyatt brand name.,Business
ag_news_base_0524,"Israeli Supreme Court demands army justify demolitions The Israeli Supreme Court has demanded explanations from the army over the scale of the destruction of Palestinian homes in the Rafah region of the Gaza Strip, judicial sources said.",World
ag_news_base_0525,"Researchers Develop 3-D Phone Technology TOKYO Nov 24, 2004 - It #39;s an idea that was popularized by Princess Leia #39;s plea for help in Star Wars: sending a 3-D hologram.",Tech
ag_news_base_0526,"Colgate to Cut Work Force, Close Plants  NEW YORK (Reuters) - Consumer goods maker Colgate-Palmolive  Co. &lt;A HREF=""http://www.investor.reuters.com/FullQuote.aspx?ticker=CL.N target=/stocks/quickinfo/fullquote""&gt;CL.N&lt;/A&gt; said on Tuesday it would cut about 12 percent of its  37,000-person work force and close one-third of its factories  worldwide as part of a four-year restructuring.",Business
ag_news_base_0527,"Nets sign Lawrence Frank to four-year contract extension The deal was announced by the team Thursday, about 12 hours after the worst opening-night loss in Nets #39; history, 100-77 to Shaquille O #39;Neal and the Miami Heat.",Sports
ag_news_base_0528,"Computer Sciences Sells DynCorp Units Computer Sciences Corp. is selling parts of Reston-based DynCorp it acquired last year, saying the units, which provide security to foreign leaders and train international police, do not fit with its information technology focus.",Tech
ag_news_base_0529,Money Tip Act quick when luggage is lost NEW YORK - You #39;ve arrived at your travel destination only to find that your luggage has not. Certain actions can make a big difference in how quickly your bag is recovered or in what kind of reimbursement you #39;ll receive if it #39;s lost.,Business
ag_news_base_0530,Astronomers scan sky for birth of supernova Astronomers are closely watching three sections of the sky after detecting three short but powerful X-ray bursts that may be harbingers of supernovas that could happen in the next few days.,Tech
ag_news_base_0531,"Dow Average Futures Fall; Forest Labs Declines, Guidant Rises Dow Jones Industrial Average futures declined amid concern an upcoming report on manufacturing may point to slowing economic growth.",Business
ag_news_base_0532,"Amazon Launches A9 Web Search Service Amazon.com Inc. (AMZN.O: Quote, Profile, Research) unit A9.com on Wednesday unveiled the new version of its Web search service, the latest salvo in the cut-throat sector dominated by Amazon partner -- and rival -- Google Inc.",Business
ag_news_base_0533,"Latham urges PM to remove public service gag MARK COLVIN: The Opposition leader, Mark Latham, has challenged the Prime Minister to remove the gag that #39;s prevented senior government advisers, including those in the PM #39;s office, from talking about what happened in the  #39;children overboard #39; affair.",World
ag_news_base_0534,"Doing the impossible with Longhorn Its funny how circumstances can change your perception of whats possible. A few months ago, key Microsoft architects were telling me that it would be impossible to decouple the Avalon presentation subsystem from the Longhorn OS.",Tech
ag_news_base_0535,Losses mourned in an insurgent stronghold  BAGHDAD -- US and Iraqi forces took control of the central Iraqi city of Samarra yesterday but engaged in sporadic clashes with insurgents who had dispersed into the narrowest of its closely packed streets to continue fighting in small bands.,World
ag_news_base_0536,"Palestinians Kill Three at Army Outpost GAZA CITY, Gaza Strip - Three Palestinian gunmen infiltrated a fog-shrouded Israeli army post at dawn Thursday, killing three soldiers in a fierce gun battle before they were shot dead, the army said.    The attack on the outpost guarding the isolated Morag settlement in southern Gaza came a day after a 19-year-old Palestinian woman killed two officers of the paramilitary border police in a suicide bombing at a crowded Jerusalem bus stop...",World
ag_news_base_0537,"Montreal Expos to Become the Nationals With Move to Washington The Expos would become the Nationals with a move to Washington next season and wear red, white and blue uniforms, Major League Baseball and team officials said during a press conference.",Sports
ag_news_base_0538,"Italian Govt. Tries to Assure Country Over Hostages  ROME (Reuters) - Italy's government tried to reassure an  anguished nation Thursday that two women hostages in Iraq were  most likely still alive, saying an Islamist group's claim to  have killed them was ""unreliable.""",World
ag_news_base_0539,Schilling Adds Voice to Talk of the Red Sox Red Sox pitcher Curt Schilling called into a sports-talk radio station on Wednesday to dispel speculation that he didn't get along with teammate Pedro Martnez.,Sports
ag_news_base_0540,"Oven yields record haul of ecstasy Australian police and customs officials have seized 820kg (1,800lb) of ecstasy tablets and powder stashed inside a bakery oven in the country #39;s biggest ever haul of the drug, police said yesterday.",World
ag_news_base_0541,"Bears #39; quarterback situation is not pretty There is a certain gloom and doom feeling in the Windy City these days, as the beloved Chicago Bears are reeling. With franchise quarterback Rex Grossman",Sports
ag_news_base_0542,"ATA Files for Bankruptcy Protection  CHICAGO (Reuters) - ATA Holdings Corp. &lt;A HREF=""http://www.investor.reuters.com/FullQuote.aspx?ticker=ATAH.O target=/stocks/quickinfo/fullquote""&gt;ATAH.O&lt;/A&gt;, parent of  struggling low-cost carrier ATA Airlines, on Tuesday filed for  Chapter 11 bankruptcy protection as falling fares and soaring  fuel prices drained it of cash.",Business
ag_news_base_0543,"Snow to Remain Treasury's Chief, White House Says Treasury Secretary John W. Snow will remain in his job after weeks in which Republicans had talked openly about his impending departure.",Business
ag_news_base_0544,Ironport Release New Version Of C-Series Appliance Ironport Systems today announced the latest version of the e-mail security company #39;s C-Series E-Mail Security Appliance. The new version formalizes the release of Ironport #39;s Virus Outbreak,Tech
ag_news_base_0545,"Agent: Ricky Williams Wants To Return To Fins MIAMI -- Just when the Miami Dolphins season couldn #39;t get any weirder, it did -- Ricky Williams is ready to come back to the Fins.",Sports
ag_news_base_0546,Merck Pain Reliever Gets Preliminary OK The Food and Drug Administration told Merck  amp; Co. that it would approve the company #39;s successor drug to the now defunct pain reliever Vioxx if it provides further safety and,Business
ag_news_base_0547,"All Options Open for OPEC Meeting - Iran  TEHRAN (Reuters) - All options, including cutting quotas,  are up for discussion when OPEC ministers meet in Cairo this  week to plan their response to a sharp fall in prices, Iran's  Oil Minister Bijan Zanganeh said Monday.",Business
ag_news_base_0548,"Kerry, Keeping Up Criticism of Bush, Lists Costs of Iraq War John Kerry argued today that the president left a trail of broken promises on the path to war and has squandered billions.",World
ag_news_base_0549,"Modernization to Speed Check Clearing NEW YORK - High-tech changes in the banking industry will soon be affecting the most mundane of financial products, the checking account.    On Oct...",World
ag_news_base_0550,Rangers 1-1 CSKA Moscow Vagner Love struck the killer blow to Rangers #39; Champions League ambitions as CSKA Moscow left Ibrox with a deserved 3-2 victory on aggregate.,Sports
ag_news_base_0551,"MLB: Texas 16, Cleveland 4 Arlington, TX, Aug. 17 (UPI) -- Mark Teixeira had seven RBI Tuesday to help Scott Erickson earn his first win in over two years as Texas Rangers pounded the Cleveland Indians, 16-4.",Sports
ag_news_base_0552,NCAA Football: LSU Tigers Edge out Oregon State Beavers 22-21 US college football #39;s fourth-ranked Louisiana State University Tigers eked out a 22-21 overtime victory over the unranked Oregon State Beavers late Saturday on the first full day of action.,Sports
ag_news_base_0553,Peru rebels 'to give up weapons' The man who led a bloody occupation of a police station in Peru says his followers will surrender on Monday.,World
ag_news_base_0554,"EADS Co-Chief Exec Hertrich to Step Down The co-chief executive of the European Aeronautic Defence and Space Co., Rainer Hertrich, will leave his position in 2005 when his contract expires, a company spokesman said Sunday.",Business
ag_news_base_0555,"FCC Says It Extended Discounted Phone-Line Rates T amp;T, MCI and other telephone companies that provide local calling by renting other carriers #39; equipment have received a six-month extension on discounted leasing rates while regulators work on new competition rules.",Business
ag_news_base_0556,"George Thankful for Opportunity With Bears (AP) AP - Talent was never Jeff George's problem. His personality, well, that's a different story.",Sports
ag_news_base_0557,"Lehman eyes UK hedge fund Source says the investment bank is in talks to buy GLG Partners, estimated to be worth \$1.5B. LONDON (Reuters) - Investment bank Lehman Brothers Holdings Inc.",Business
ag_news_base_0558,"Astros Beat Braves 8-5, Take 2-1 Series Lead  HOUSTON (Reuters) - Brandon Backe pitched six strong  innings and Morgan Ensberg drove in three runs to secure the  Houston Astros an 8-5 divisional playoff victory over the  Atlanta Braves Saturday.",Sports
ag_news_base_0559,"NCAA Game Summary - Illinois at Arkansas Illinois leads the all-time series, 5-0, including wins in each of the last four seasons...Illinois has made a three-pointer in 234 straight games...The Illini were coming off an impressive 91-73 victory over top-ranked Wake Forest on Wednesday.",Sports
ag_news_base_0560,Kerry: Bush Not Being Straight About Iraq (AP) AP - Democratic Sen. John Kerry on Thursday accused President Bush of failing to tell the truth about the situation in Iraq as the country falls into more violence and chaos with each passing day.,World
ag_news_base_0561,"Blair rejects allegation he  quot;misrepresented quot; intelligence on Iraq &lt;b&gt;...&lt;/b&gt; LONDON, Oct 13 (AFP) - British Prime Minister Tony Blair on Wednesday rejected charges from the Conservative opposition that he  quot;misrepresented quot; intelligence used to make the case for invading Iraq.",World
ag_news_base_0562,"No relief for Europe as G20 shuns action to halt dollar slide (AFP) AFP - The Group of 20 finance chiefs have shunned action to halt the dollar slide, leaving Europe isolated at the end of a forum here and facing an almost certain further strengthening of the euro.",Business
ag_news_base_0563,"Digital Memories, Piling Up, May Prove Fleeting The problem of preserving digital photos and other electronic records for future decades confounds even the experts.",Tech
ag_news_base_0564,"Perfection is the goal in showdown HEMPSTEAD, N.Y. -- When the Jets turned on the film of last week's Seattle-New England game, what they saw was obvious: The Seahawks did dumb things. They dropped passes and committed costly penalties, and even though they came back late and got within 3 points, their bumbling ways cost them a chance to break the Patriots' record winning streak and ...",Sports
ag_news_base_0565,Wheldon targets IRL title Dan Wheldon is confident he can win the Indy Racing League title next season after coming close this year. The Englishman was a serious challenger all year but finished runner-up to his Andretti Green team-mate Tony Kanaan.,Sports
ag_news_base_0566,"Rowhani: Iran to suspend uranium enrichment only for as long as &lt;b&gt;...&lt;/b&gt; Tehran, Nov 30, IRNA -- Supreme National Security Council (SNSC) secretary Hassan Rowhani said on Tuesday that Tehran #39;s commitment to freeze its uranium enrichment activities would be good only for as long as it was engaged in talks with Europe.",World
ag_news_base_0567,"One China, May Exporters (Forbes.com) Forbes.com - China beckons stock investors with the lure of brisk economic growth. Yet a school of prominent China watchers, led by Morgan Stanley strategist  Andy Xie, warns that the domestic overheating could lead to a ""hard landing"" in sectors ranging from steel to real estate. The Chinese government, worried about that very thing, is trying to rein in the torrid expansion.",Business
ag_news_base_0568,American Express sues Visa and MasterCard American Express on Monday filed a suit against credit card associations Visa and MasterCard and eight major banks for what it called illegal and anti-competitive practices.,Business
ag_news_base_0569,"Ford, GM October Sales Skid Daimler #39;s sales rose 4.7 to 188,492 vehicles from 185,535 a year ago. Year-to-date, sales were up 3 to 1.8 million, while US sales at its Mercedes-Benz unit slipped to 18,323 from 19,273.",Business
ag_news_base_0570,"Goosen Wins Sun City Title, Westwood Slumps to 80  SUN CITY, South Africa (Reuters) - South Africa's Retief  Goosen claimed his first Sun City Golf Challenge title at the  Gary Player Country Club Sunday after overnight leader Lee  Westwood slumped to an 80.",Sports
ag_news_base_0571,GOLF: LEE #39;S SUN BID GETS HIT FOR SIX LEE Westwood #39;s hopes of a halfway lead at the Nedbank Golf Challenge in South Africa were sunk by a watery double bogey at the 17th yesterday.,Sports
ag_news_base_0572,Aussies qualify for Confederations Cup AUSTRALIA confirmed its berth in the Confederations Cup last night with a 6-0 win over the Solomon Islands at Sydney #39;s Aussie Stadium.,Sports
ag_news_base_0573,"Mutombo says he will join Yao on NBA Rockets (AFP) AFP - Dikembe Mutombo, the 38-year-old African center who has played 13 seasons in the National Basketball Association, says he has agreed to a trade deal that will put him alongside Yao Ming in Houston.",Sports
ag_news_base_0574,"Google pens agreement with libraries New York: Popular internet search engine Google has reached an agreement with four universities and one public library to scan their books and make them available the digitised contents of the same, aiming to challenge competitors Yahoo and Microsoft.",Tech
ag_news_base_0575,"Red Sox Take Yankees Manny Ramirez hits in the tiebreaking run in the eighth, and the Red Sox win, 12-5, to cut the Yankees' lead in the AL East to 4 1/2 games.",Sports
ag_news_base_0576,"Solana arrives in Sudan for talks on Darfur crisis (AFP) AFP - European Union foreign policy chief Javier Solana flew into the Sudanese capital where he was expected to discuss the conflict in Darfur, amid international pressure on Khartoum over the rebellion there.",World
ag_news_base_0577,"Rebels Attack Governor #39;s Office in Iraqi City Rebels attacked the provincial governor #39;s office in Iraq #39;s third city of Mosul on Thursday, killing one of his bodyguards and wounding four more, the US military said.",World
ag_news_base_0578,"Colts 35, Raiders 14 The combination of Peyton Manning and Edgerrin James was too powerful for the Oakland Raiders. Manning completed 16 of 26 passes for 198 yards and three touchdowns, while James ran for 136 yards and a score",Sports
ag_news_base_0579,"Google Cuts IPO Price by a Quarter to \$85-\$95 a Share (Update7) Aug. 18 (Bloomberg) -- Google Inc., on the eve of pricing the second-biggest Internet initial public offering, slashed the value of the sale almost in half amid the worst market for US IPOs in almost two years.",Business
ag_news_base_0580,Indian passengers killed by train At least 15 people are dead after being run down by a high-speed train in Madhya Pradesh state in India.,World
ag_news_base_0581,"BC gives Skinner 2-year extension After guiding the Boston College men's basketball program to 80 victories and four postseason appearances (including three NCAA berths) in the last four seasons, Al Skinner yesterday was rewarded with a two-year contract extension that runs through 2009-10.",Sports
ag_news_base_0582,"Curtain rises on Solaris 10 Calling it  quot;the biggest thing we #39;ve done quot; in nearly a decade, Sun Microsystems #39; chairman and chief executive Scott McNealy yesterday officially launched the Solaris 10 operating system.",Tech
ag_news_base_0583,"Preview and pick: Twin attack Yanks #39; image The plot: The Yankees will have home-field advantage throughout the playoffs, thanks to their 101-win season and the AL #39;s victory in the July All-Star Game.",Sports
ag_news_base_0584,Post-election push on N Korea South Korea says the newly re-elected US president has agreed to seek early talks on N Korea's nuclear programme.,World
ag_news_base_0585,"Adobe Systems to introduce new format for digital photos SAN JOSE, Calif. Adobe Systems is introducing a new format today for digital photos it hopes will create a standard in the industry.",Business
ag_news_base_0586,"Notables Plate umpire Jerry Crawford was hit in the side of the head by a deflected pitch, forcing him to leave after the second inning of the first game between the Yankees and Devil Rays. He was taken to the New York-Presbyterian Hospital/Columbia University Medical Center, where a CT scan was negative. He was diagnosed with a concussion.",Sports
ag_news_base_0587,"Expected, unexpected for M #39;s Spiezio made his first major contribution to the Mariners in over three months, driving in four runs in a 7-3 victory over the Anaheim Angels last night.",Sports
ag_news_base_0588,"Update 4: Tokyo Stocks Rebound on Bargain Hunting Tokyo stocks rebounded Friday on bargain-hunting in select blue chips, real estate and banking issues. The US dollar was higher against the Japanese yen.",Business
ag_news_base_0589,"Schwarzenegger Opens Stop on  #39;Hydrogen Highway #39; California Gov. Arnold Schwarzenegger dedicated a pioneering hydrogen fueling station on Friday, calling it the first stop in a  quot;hydrogen highway quot; that would someday stretch across",Business
ag_news_base_0590,Mobile cashpoints coming soon Bank customers may soon be able to check their balances on mobile phone screens in an initiative from the Link cash machine network and Morse.,Tech
ag_news_base_0591,Singh Takes Over Golf's No. 1 Ranking Vijay Singh won the Deutsche Bank Championship to knock Tiger Woods from No. 1 in the world golf rankings after a record 264 consecutive weeks.,World
ag_news_base_0592,"AmWest passes up bid to buy bankrupt ATA assets PHOENIX America West Airlines has backed away from a potential bidding war for bankrupt ATA Airlines, paving the way for AirTran to take over ATA operations.",Business
ag_news_base_0593,"US manufacturing activity picks up, construction surges to record &lt;b&gt;...&lt;/b&gt; US manufacturing activity remained strong in September and construction spending surged to a record high in August, according to a pair of reports issued Friday that provided an optimistic look at the sturdiness of the economy.",Business
ag_news_base_0594,"US is urged to adopt new, diverse energy policy WASHINGTON Trying to break a deadlock on energy policy, a diverse group of environmentalists, academics and former government officials were to publish a report on Wednesday that presents strategies for making the United States cleaner, more competitive",Business
ag_news_base_0595,New dinosaur uncovered in Brazil Scientists in Brazil find the bones of a new species of dinosaur that may be related to some found in Europe.,World
ag_news_base_0596,"Judge approves US Airways financing deal, delays ruling on pay &lt;b&gt;...&lt;/b&gt; A federal judge is expected to rule today whether US Airways Group Inc. will be permitted to impose a far-reaching 23 percent employee pay cut.",Business
ag_news_base_0597,Singing the iPod blues Apple #39;s iPod has joined the list of gifts late holiday shoppers are finding in short supply. NEW YORK (CNN/Money) - Shoppers can now add the iPod to the holiday hot list.,Tech
ag_news_base_0598,"Edwards #39; appeal against two-year ban fails Torri Edwards, the American sprinter, was shown no mercy here last night when the Court of Arbitration for Sport upheld her two-year doping ban.",Sports
ag_news_base_0599,Italian Serie A match reports Champions Milan picked up their first win of the season but it was hard going against a determined Bologna whose inspired keeper Gianluca Pagliuca kept the visitors at bay until the 84th minute,Sports
ag_news_base_0600,Germans mark Berlin Wall's fall Events to mark the 15th anniversary of the fall of the Berlin Wall take place in the German capital on Tuesday.,World
ag_news_base_0601,Bomb threat raises security concerns; evacuation could set bad &lt;b&gt;...&lt;/b&gt; Spanish authorities won praise Monday for clearing Santiago Bernabeu Stadium in just minutes after receiving a bomb threat - but Real Madrid #39;s president said it set a bad precedent to suspend the match.,Sports
ag_news_base_0602,"UN Reports Mixed Progress in Fight for Sexual Health The United Nations says there has been some progress in improving sexual health and combating poverty around the world, but more funds are needed to meet goals the international community set 10 years ago.",World
ag_news_base_0603,"Ghost towns bear witness to Sudanese violence Ahmed Arajah can #39;t help coming down from the hills to his crumbled house to rummage through its charred remains, the cracked plates, the girls #39; shoes and broken oil",World
ag_news_base_0604,"Artful Software Spots Faked Masterpieces The method could also be used to determine if more than one hand was involved in creating the work, something physical forensic science has never been able to do.",Tech
ag_news_base_0605,"Boston Hopes to Make Believers Out of Skeptics  BOSTON (Reuters) - The Boston Red Sox created history, now  they will try to make believers out of skeptics as baseball's  perennial also-rans take on the St Louis Cardinals in a bid to  earn their first World Series title since 1918.",Sports
ag_news_base_0606,"Siemens claims gigabit wireless breakthrough German company Siemens has shown what it claims to be the fastest ever wireless network connection. The demonstration at its Munich laboratories on Tuesday reached speeds of 1Gbps, twenty times faster than",Tech
ag_news_base_0607,"Annan urges swift end to Sudan war, Darfur crisis (AFP) AFP - UN chief Kofi Annan called for talks on ending Sudan's civil war to be concluded swiftly, telling a special session of the Security Council that it would help reverse the worsening crisis in the western region of Darfur.",World
ag_news_base_0608,"Islamic School in Netherlands Damaged in Blast  AMSTERDAM (Reuters) - An explosion damaged an Islamic  school in the southern Dutch town of Eindhoven Monday, police  said, the latest attack on a Muslim institution following the  murder of a filmmaker critical of Islam last week.",World
ag_news_base_0609,"HBoS pulls out of Abbey race  quot;These things tend to be decided by egos as much as by financial logic, but HBoS has shown its ability with a level head to walk away from a deal.",Business
ag_news_base_0610,"Livewire: Back to School Means Back to Advergames (Reuters) Reuters - Back to school for many kids means\""back to Internet access"" in classes where the best of\filtering software is not foolproof, particularly against\seemingly harmless Web sites used for invasive marketing.",Tech
ag_news_base_0611,"Broadhurst takes charge in Spain Paul Broadhurst fired a six-under-par 65 to claim a one-shot lead at the halfway stage of the Madrid Open. The Englishman had seven birdies to end the second round on 10 under, one ahead of Miguel Angel Jimenez, Darren Fichardt and Johan Edfors.",Sports
ag_news_base_0612,"Kerry Pays Nostalgic Visit to Iowa (AP) AP - John Kerry paid an emotional return visit Friday to the state that launched him toward his party's nomination for president, saying he felt ""an unbelievable wave of nostalgia.""",World
ag_news_base_0613,"AT amp;T forms VoIP interop program BEDMINSTER, NJ - In a move its IP voice services forward, AT amp;T announced Tuesday (Sept. 21) that is has formed an Innovation and Interoperability Program to foster development of applications and systems for its voice-over-IP (VoIP) network.",Tech
ag_news_base_0614,"Microsoft to launch Windows XP Release 2 It seems that Microsoft will release a Second Edition of Windows XP: If you thought that Service Pack 2 for Windows XP was the last of the big updates, think again.",Tech
ag_news_base_0615,"Conan to Take Over 'Tonight' in Five Years NEW YORK - NBC announced Monday that Conan O'Brien will take over from Jay Leno as host of the ""Tonight"" show. But he'll have time to write his jokes - the planned succession won't happen until 2009...",World
ag_news_base_0616,"Hurricanes fail to dampen economy The US economy continued to grow in the early fall despite being buffeted by rising energy costs and hurricanes, the Federal Reserve said yesterday, providing its last snapshot of business conditions before Election Day.",Business
ag_news_base_0617,"Mars rovers given six more months NASAs Mars rovers have had their missions extended by a further six months after weathering the Martian winter solstice, NASA announced on Tuesday.",Tech
ag_news_base_0618,"Philippine Shares End Higher Philippine shares ended marginally higher Wednesday on a technical recovery, successfully shrugging off a sluggish performance at the start of the session caused by a sell-off in Metro Pacific shares, traders said.",Business
ag_news_base_0619,"A 7th-rounder, Givens has caught up fast FOXBOROUGH -- It began as a punch line for Tom Brady's satellite radio ad.  quot;I thought I was his favorite receiver, quot; David Givens says, as Troy Brown and Deion Branch glance at him askance. Right now, he is. Brady, the Patriots' diplomatic quarterback, likes to say that his favorite receiver is whoever's open. It just happens so far this season ...",Sports
ag_news_base_0620,Yahoo Upgrades Its E-Mail Service Portal says DomainKey use will protect users from ID theft and phishing scams.,Tech
ag_news_base_0621,"Local residents due for tax refund About three dozen area residents could get an unexpected windfall -- they are owed refunds by the Internal Revenue Service. They are among more than 6,400 refunds owed to taxpayers in New York that have yet to be claimed.",Business
ag_news_base_0622,Chirac optimistic despite depressing economic data PARIS: French President Jacques Chirac said yesterday he remained optimistic on the outlook for the economy despite data last week showing growth at just 0.1 per cent in the third quarter this year.,Business
ag_news_base_0623,"Cat gets MBA degree in US online scam In an expanding worldwide market of e-learning, an online university in the United States is being sued for allegedly selling bogus degrees, including an MBA degree awarded to a cat.",Tech
ag_news_base_0624,Swatch H1 profit rises on luxury sales ZURICH (Reuters) - Aug 24 &lt;b&gt;...&lt;/b&gt; Recovering demand for luxury goods helped Swatch post an in-line 17 percent rise in first-half net profit to 217 million Swiss francs (\$172.,Business
ag_news_base_0625,"Asian Shares End Mixed; Tokyo Advances, Hong Kong Falls Asian stocks finished mixed Wednesday, with Tokyo shares advancing on a positive economic outlook but markets in Hong Kong and elsewhere falling on worries about record-high oil prices.",Business
ag_news_base_0626,"Update 1: EBay Shuffles Positions of 3 Executives EBay Inc. said Thursday that it shuffled the positions of three senior vice presidents, promoting each in title and creating new heads for PayPal, eBay International and eBay North America.",Business
ag_news_base_0627,"- Anthony J. Causi September 8, 2004 -- The Yankees are expected to send Major League Baseball a bill for between \$2 and \$3 million in an effort to recoup the money lost when the first game of Monday #39;s doubleheader was canceled because the Devil Rays didn #39;t make it out of",Sports
ag_news_base_0628,"UN members give Annan standing ovation in first appearance after &lt;b&gt;...&lt;/b&gt; UNITED NATIONS - Secretary General Kofi Annan received a standing ovation Wednesday from diplomats representing the 191 UN member states, a rare public display of support for the beleaguered UN chief following recent calls for his resignation from",World
ag_news_base_0629,Fatah movement demands causes of Arafats death The Palestinian Fatah Movement threatened to boycott the upcoming presidential elections unless the cause of Yasser Arafat #39;s is revealed.,World
ag_news_base_0630,"Spouse of Pakistan president's rival gets bail KARACHI -- After eight years in jail on corruption charges, the husband of former prime minister Benazir Bhutto was released on bail yesterday, officials said, in a move the government called a step toward ''political harmony quot; with her opposition party.",World
ag_news_base_0631,"TA agrees to acquire Bulgaria #39;s MobilTel Telekom Austria yesterday said it had agreed to buy MobilTel, Bulgaria #39;s leading mobile telephone operator, in a step widely seen as preparing the way for a big share placement in the Austrian group.",Business
ag_news_base_0632,Torre Glad Yankees Pursuing Pedro (AP) AP - New York Yankees manager Joe Torre would love to have Pedro Martinez in his rotation  #151; just as he'd love to have any great starting pitcher.,Sports
ag_news_base_0633,Firms tighten up business security Check Point and McAfee unveil products designed to help companies protect their networks.,Tech
ag_news_base_0634,Home-Brew IPod Ad Opens Eyes An animated ad for Apple's iPod made by a schoolteacher is thrilling buzz marketers. Forget word-of-mouth -- the future of advertising is in professional-looking ads that go viral. By Leander Kahney.,Business
ag_news_base_0635,"Tigers hoping to break through Tyngsboro is fast becoming comparable to the Buffalo Bills of the early 1990s. After three consecutive Super Bowl losses, the Tigers once again find themselves with a playoff berth and yet another Commonwealth Large title.",Sports
ag_news_base_0636,"McDonald #39;s Skinner Replaces Bell as CEO, Faces Test in Europe McDonald #39;s Corp. new Chief Executive James Skinner, the company #39;s third leader in seven months, will continue the strategy of trying to boost sales in Europe after yesterday replacing Charles Bell, who is suffering from cancer.",Business
ag_news_base_0637,Hurricane Charley Tears Into Outback (Reuters) Reuters - Outback Steakhouse Inc. (OSI.N) on\Tuesday said it lost about 130 operating days and up to  #36;2\million in revenue because it had to close some restaurants in\the South due to Hurricane Charley.,Business
ag_news_base_0638,"Netherlands Reports Anti-Muslim Incidents (AP) AP - Arsonists and vandals angered over the alleged Muslim-inspired slaying of a controversial Dutch filmmaker have conducted a series of attacks on Islamic targets, including attempts to burn down two mosques, Dutch media reported Sunday.",World
ag_news_base_0639,"Mayo Likely to Miss Tour of Spain  MADRID (Reuters) - Leading Spanish cyclist Iban Mayo will  probably miss next month's Tour of Spain because of a suspected  viral infection, his team manager said on Wednesday.",Sports
ag_news_base_0640,"Oil prices threaten fresh record Opec's president says oil supply is adequate as the price of US light, crude comes within 4 cents of its all-time record.",World
ag_news_base_0641,"Delgado draws interest from Yankees Even though the Yankees still owe Jason Giambi the bulk of his seven-year \$120 million contract and even though they have appeared intent on signing a relatively inexpensive backup player because of Giambi #39;s health, Yankees General Manager Brian Cashman",Sports
ag_news_base_0642,"BALCO blows whistle Victor Conte Jr. #39;s claims to have seen Marion Jones inject steroids could tarnish the track star #39;s career. By NED BARNETT, Staff Writer.",Sports
ag_news_base_0643,BAE wins anti-missile contract BAE Systems and Northrop Grumman were last night awarded contracts by the United States government to develop technology for protecting commercial aircraft from shoulder-fired missiles.,Business
ag_news_base_0644,"SBS journo released by captors in Iraq Australian journalist John Martinkus has been released unharmed after being detained by an unknown group in Iraq, SBS television says.",World
ag_news_base_0645,Google to Digitize Some Library Collections Five prestigious university and public libraries have reached agreement with Google Inc. to digitize millions of volumes in their collections and make portions of the text available for free,Tech
ag_news_base_0646,Barca remain confident despite first league defeat Barcelona coach Frank Rijkaard is confident his team #39;s spirit will be unaffected by their first league defeat of the season as they prepare for this weekend #39;s clash against arch-rivals Real Madrid.,Sports
ag_news_base_0647,"Local and Shopping Search Are Growing Among Internet Users Local and Shopping Search Are Growing Among Internet Users\\According to a recent consumer search behavior study conducted by BizRate.com and The Kelsey Group of 3,887 online respondents, findings show that while general search engines rank the highest in terms of usage, with 72 percent indicating they use general search engines ...",Tech
ag_news_base_0648,Protesters Breach British Parliament in New Scare  LONDON (Reuters) - Pro-hunting demonstrators burst onto the  floor of Britain's parliament on Wednesday in the week's second  audacious breach of security at a landmark site.,World
ag_news_base_0649,"US dollar whipsaws on worries over China LONDON The dollar went for a see-saw ride Friday, plunging after a comment from a Chinese policy maker appeared to undermine already fragile market sentiment toward the US currency, but rebounding after the official retracted the remark.",Business
ag_news_base_0650,"Info on car safety off-limits to public The federal agency that oversees auto safety has decided -- based largely on arguments from automakers and their Washington, DC, lobbyists -- that reams of data relating to unsafe automobiles or defective parts will not be available ...",Business
ag_news_base_0651,"France  #39;hiding nothing #39; about Arafat AMID speculation over the cause of Yasser Arafat #39;s death, French Foreign Minister Michel Barnier today said France had nothing to hide concerning the late Palestinian leader #39;s medical file.",World
ag_news_base_0652,"Rovers Still Turning Up Water Evidence Summary - (Oct 8, 2004) Now operating three times longer than originally expected, NASA #39;s Mars Exploration Rovers are still turning up fresh evidence that liquid water once flowed on Mars.",Tech
ag_news_base_0653,"Shaq makes Heat debut Shaquille O #39;Neal scored 17 points and added seven rebounds on his debut for Miami, an 85-75 exhibition loss to Houston. The former LA Lakers star said he was  quot;in cruise mode quot; during the game, but attracted compliments from his rivals.",Sports
ag_news_base_0654,Psychic powers add gaming twist The use of psychic powers adds a novel twist to the action in two new video games.,Tech
ag_news_base_0655,Paterno's Son-In-Law in Bicycle Accident (AP) AP - Penn State coach Joe Paterno flew home without his team after the Nittany Lions' loss to Wisconsin on Saturday night when he learned his son-in-law had been involved in a serious bicycle accident.,Sports
ag_news_base_0656,How the White House Embraced Disputed Arms Intelligence The White House embraced the theory that aluminum tubes bound for Iraq were for nuclear centrifuges despite contrary views from America's leading nuclear scientists.,World
ag_news_base_0657,"Global Warming Means More Frost-Free Days - Report (Reuters) Reuters - Frost will become less and less\common across much of the world as global warming accelerates,\U.S. researchers reported on Wednesday.",Tech
ag_news_base_0658,"Russian Plane Bombers Exploited Corrupt System A thousand rubles, or about \$34, was enough to bribe an airline agent to put a Chechen woman on board a flight just before takeoff, according to Russian investigators.",World
ag_news_base_0659,"JFK, Bush, and the Canadian media Last Monday, on the 41 st anniversary of the assassination of John F. Kennedy, a video game called JFK Reloaded was released for sale.",Tech
ag_news_base_0660,"Rockstar Games and Interscope Records Reveal Grand Theft Auto: San &lt;b&gt;...&lt;/b&gt; With the game set in the early 1990 #39;s, the Grand Theft Auto: San Andreas soundtrack will feature a large variety of tracks spanning the FM radio dial of the West Coast during this particularly influential period in American music and culture.",Tech
ag_news_base_0661,Struggling pitcher thrust into heart of series MINNEAPOLIS -- Struggling right-hander Javier Vazquez will start for the New York Yankees in Game 4 of their AL Division Series against the Minnesota Twins on Saturday.,Sports
ag_news_base_0662,"Chirac, Blair Say Relations Not Strained French President Jacques Chirac and British Prime Minister Tony Blair maintained Thursday that relations between their countries were not strained by their disagreements over the Iraq war, as evidenced by their cooperation on a number of international",World
ag_news_base_0663,"Lawsuit Filed Over Search   Gambling Ads Yahoo, Google and other major web sites have been hit with a lawsuit saying they carry online gambling ads in violation of California law. This comes after two of the major search companies earlier this year made moves that were supposed to remove online gambling ads entirely.",Tech
ag_news_base_0664,"Pulte shares fall after Las Vegas warning Shares of Pulte Homes Inc.(PHM.N: Quote, Profile, Research) , the No. 2 US home builder, fell more than 8 percent Tuesday morning, the day after the company warned that weak sales",Business
ag_news_base_0665,Stocks Bounce Back as Oil Retreats  NEW YORK (Reuters) - U.S. stocks rebounded on Monday as  worry about oil prices crunching corporate profits eased when  crude retreated from record highs.,Business
ag_news_base_0666,"Rover discovers clues of water on Mars surface After months of crossing a vast Martian crater floor and zigzagging up low-slung hills, NASA #39;s Spirit rover has spotted its first hint that water once coursed across the now-desert-like region, scientists said Wednesday.",Tech
ag_news_base_0667,Video: Taking It with You (Ziff Davis) Ziff Davis - Easily portable video becomes real; evaluating Microsoft's UI for portable media; what is thought?\\ #149; Video: Taking It with You\ #149; Gadget of the Month: The Portable Media Center\ #149; Thinking About Thinking,Tech
ag_news_base_0668,Rommedahl ensures local authority TO SAY THAT DENNIS ROMMEDAHL has failed to set the Premiership alight since joining Charlton Athletic from PSV Eindhoven in the summer for 2 million would be the understatement of this or any other season.,Sports
ag_news_base_0669,"Creatini is named All-American, again Newton North High graduate Mari Creatini, a senior cocaptain on the Northeastern University field hockey team, was named the America East Championship's Most Outstanding Player after scoring the game-winning goal in NU's 2-0 victory over Boston University that clinched her team's fourth consecutive conference title.",Sports
ag_news_base_0670,MARKET COMMENT: European Stocks Rise With Oil Shares 1015 GMT (Dow Jones) LONDON--European stocks higher driven by gains for oils and mining stocks. Trader says expiration of derivatives contracts or  quot;triple witching quot; not having major impact.,Business
ag_news_base_0671,"3 Independent Yukos Directors Resign Over Pressure From Russian &lt;b&gt;...&lt;/b&gt; Three independent directors of the Yukos Oil Company have resigned from their posts claiming they cannot work while the Russian authorities are pushing for the companys collapse, Yukos major shareholder Group Menatep said in a press release Wednesday",Business
ag_news_base_0672,"Oil Retreats, Lifts Asian Stocks Crude oil prices hovered nearly five percent below a 21-year high Monday, lifting most Asian shares and giving investors some respite from concerns that energy costs would choke off profits and economic growth.",Business
ag_news_base_0673,"Australian shares back in record territory on NAB strength SYDNEY : Australian share prices returned to record territory, adding 0.28 percent as investors shrugged off disappointing results from National Australia Bank to send the market higher, dealers said.",Business
ag_news_base_0674,Experts Worry About Missing Iraqi Arms (AP) AP - Revelations that nearly 400 tons of conventional explosives have disappeared in Iraq have experts worrying that other weapons might also be in jeopardy of falling into insurgent or terrorist hands.,World
ag_news_base_0675,Keenan McCardell Could Start for Chargers (AP) AP - Newly acquired wide receiver Keenan McCardell will make his season debut on Sunday and might even start for the San Diego Chargers in their road game against the Carolina Panthers.,Sports
ag_news_base_0676,"G.I. Sentenced for Murder of Iraqi Soldier (AP) AP - A U.S. soldier was sentenced to a 25-year term Saturday after a court martial convicted him in the death of an Iraqi National Guard member in May, the military said.",World
ag_news_base_0677,"Moon trip needs new Saturn V V, a Boeing official told a group of National Space Society members Friday in Huntsville. More than 300 people were at the event at the Sheraton hotel to discuss exploring space and the possibility of developing private space business.",Tech
ag_news_base_0678,Athletics Edge Mariners 6-5 (AP) AP - Bobby Crosby's sacrifice fly with one out in the ninth scored pinch-runner Esteban German with the winning run in the Oakland Athletics' 6-5 victory over the Seattle Mariners on Monday night.,Sports
ag_news_base_0679,"As iPod evolves, rivals strive to keep pace roundup \Gateway switches on a combo music-photo device two days after Apple debuts its own image-ready iPod.",Tech
ag_news_base_0680,ComReg calms auto-dialler storm Auto-dialler programmes have plagued Irish phone users since the beginning of the year. The Commission for Communications Regulation (ComReg) has received some 300 phones calls from consumers regarding excessive,Tech
ag_news_base_0681,"US labour relations board hits Quebecor with unfair labour charges NASHVILLE, Tenn. (CP) - Quebecor World Inc., targeted by labour allegations of union-busting tactics, has been named in more charges from the National Labor Relations Board in the United States.",Business
ag_news_base_0682,"EU finalises anti-trust deal with Coca-Cola BRUSSELS, Oct 19 (AFP) - The European Union #39;s executive arm said Tuesday it had virtually wrapped up a settlement to a long-running dispute over anti-competitive retail practices by Coca-Cola.",Business
ag_news_base_0683,"Car thieves #39; top targets identified NEW YORK (CNN/Money) - Cadillac #39;s Escalade EXT and the Nissan Maxima are the most attractive targets for car thieves, according to a published report.",Business
ag_news_base_0684,"Patriots Finally Acknowledge the Streak (AP) AP - With less than a minute left in their NFL record 19th straight victory Sunday, the New England Patriots finally acknowledged the streak by dousing coach Bill Belichick.",Sports
ag_news_base_0685,"Spammer to pay \$25,000 settlement Massachusetts Attorney General Thomas F. Reilly declared a victory in the war on unwanted e-mail yesterday, as a Florida spammer agreed to pay \$25,000 to settle a state lawsuit alleging violations of a new federal antispam law.",Business
ag_news_base_0686,"The fizz could go out of Sears merger euphoria New York -- Few things stir the heart of stock investors like a huge merger deal. And last week #39;s shotgun wedding between Kmart and Sears, two limping retailers, was no exception.",Business
ag_news_base_0687,"Citigroup ousts three after banking scandal Citigroup Inc., the financial services giant, said yesterday that it was removing three senior executives in the wake of a banking scandal in Japan.",Business
ag_news_base_0688,"Flight 001 To Outer Space Now Boarding MOJAVE, Calif., Oct. 4--The PM.Zone was on the scene again today to watch aeronautical engineer and designer Burt Rutan and his crew at Scaled Composites in Mojave, Calif.",Tech
ag_news_base_0689,"Eight Marines killed in fighting A car bomb killed eight US Marines outside Fallujah on Saturday, the deadliest attack against the US military in nearly six months.",World
ag_news_base_0690,"High-Intensity Training May Prevent Astronauts' Muscle Loss Squats stopped muscle wasting in simulated experiment    HealthDayNews -- High-intensity resistance training may help astronauts maintain muscle strength and size during long space voyages, according to a new study.    The study, published in the Journal of Physiology, included 12 volunteers confined to their beds for 84 consecutive days in order to mimic the effects of living in a zero-gravity environment...",Tech
ag_news_base_0691,"The View From 217 - Virginia Tech Edition Riding a ten-game regular season winning streak, ranked 6th nationally by the Associated Press, and coming off a lackluster performance against 1-AA James Madison, the Mountaineers showed they have a long way to go to even be a decent football team, much",Sports
ag_news_base_0692,Court May Clear the Way for Cheaper Ink Lexmark suffers a setback in its fight to keep third-party ink cartridges off store shelves.,Tech
ag_news_base_0693,"BlackBerry in Sync with Apple Mac fans now can sync their BlackBerry devices with their PCs using software from Information Appliance Associates. The BlackBerry platform has developed a broad following in the enterprise, delivering wireless access to e-mail and ...",Tech
ag_news_base_0694,"Gunfire Greets Arafat #39;s Coffin Upon Arrival in Ramallah Volleys of gunfire greeted a military helicopter carrying Yasser Arafat #39;s coffin as it landed Friday at the late Palestinian leader #39;s West Bank compound, which has been overrun by tens of thousands of mourners.",World
ag_news_base_0695,11 Iraqi Guardsmen Taken Hostage An Iraqi insurgent group said on a Web site it had taken 11 Iraqi National Guard soldiers hostage.,World
ag_news_base_0696,"Time Warner broadband suit advances Appeals court breathes new life into challenge of city law requiring homes, offices connect to municipal network.",Tech
ag_news_base_0697,Silver medal for Amir Khan Bolton teenager Amir Khan has lost the final of the Olympic lightweight boxing competition to defending champion Mario Kindelan. The 17-year-old claims the silver medal for Great Britain but his Cuban opponent #39;s experience showed.,Sports
ag_news_base_0698,"Despite Reforms, Florida Vote May Face Challenge (Reuters) Reuters - With hundreds of lawyers mobilizing next\month to monitor the presidential election, what are the\chances of a remake of the Florida 2000 fiasco? Probably quite\high, election watchers say.",World
ag_news_base_0699,Yield on Bonds and baseball: dropping? The slugger #39;s testimony on steroid use raises sharp questions about integrity of baseball and all pro sports. By Mark Sappenfield  Staff writer of The Christian Science Monitor.,Sports
ag_news_base_0700,"New Google Scholar search service aimed at academics It lets users search for scholarly literature such as peer-reviewed papers, theses, abstracts and technical reports from resources such as academic publishers, universities, professional societies and preprint repositories.",Tech
ag_news_base_0701,Injuries piling up for thin Yellow Jackets Miamis Frank Gore (3) runs past Georgia Techs Dawan Landry (20) during Saturdays game at Georgia Tech. Gore rushed for 127 yards on 25 carries.,Sports
ag_news_base_0702,"After Blogs Got Hits, CBS Got a Black Eye Scott Johnson, a lawyer in Mendota Heights, Minn., put up his first post at 7:51 a.m. on Sept. 9. By the time he got to his Minneapolis office, he had dozens of e-mail responses.",Tech
ag_news_base_0703,Cardinals Reach Third NLCS in Five Years (AP) AP - Another round of playoffs is giving Scott Rolen a chance to get his timing back.,Sports
ag_news_base_0704,"AIG Is Target of Grand Jury Investigation  NEW YORK (Reuters) - American International Group Inc., the  world's largest insurer by market value, said on Thursday it  was the target of a federal grand jury investigation into  products that prosecutors say were concocted to help companies  manage their earnings.",Business
ag_news_base_0705,Millions in Americas Watch Lunar Eclipse (Reuters) Reuters - Millions of people in the Americas\stayed up on Wednesday to observe a total lunar eclipse that\bathed the moon in a coppery red glow and gave scientists a\chance to study the Earth's atmosphere.,Tech
ag_news_base_0706,"Scientists Plan to Map Known Universe By FRANK GRIFFITHS    SAN JUAN, Puerto Rico (AP) -- The radio telescope at Puerto Rico's Arecibo Observatory will begin mapping the known galaxy on Friday, scientists said.    The radio telescope, the world's most sensitive listening device that is powerful enough to hear planets forming several billion lights years away, received six more radio receivers to expand its range...",Tech
ag_news_base_0707,"It #39;s a mad, mad, mad marathon ATHENSBrazilian runner Vanderlei de Lima was 46 seconds ahead of the pack - only five kilometres from Panathinaiko Stadium and in line for a gold medal in the historic Olympic marathon race.",Sports
ag_news_base_0708,"P2P Company Gets Approval from Record Labels  quot;A small peer-to-peer start-up has won rights from three of the four major record labels to distribute their music online. The deals with Peer Impact, a new division of online marketing company Wurld Media",Tech
ag_news_base_0709,"SpaceShipOne Wins the X Prize MOJAVE, California -- SpaceShipOne made history Monday and triumphed in the international Ansari X Prize race to launch the first privately built spacecraft.",Tech
ag_news_base_0710,"Barghouti to Drop Out of Palestinian Race (AP) AP - Imprisoned uprising leader Marwan Barghouti is dropping out the Jan. 9 election to replace Yasser Arafat as head of the Palestinian Authority, associates said Sunday.",World
ag_news_base_0711,"Police nab German lawyer in piracy raid Continuing its crackdown on software pirates, German police arrested a 46-year-old lawyer, two brothers, and a teenager on Thursday for allegedly selling illegal software, movies, games, and music through a commercial online service, according to the German Federation Against Copyright Theft (GVU).",Tech
ag_news_base_0712,Many Churches Installing Cell Phone Jammers The jarring polychromatic din of ringing cell phones is increasingly being thwarted - from religious sanctuaries to India's parliament to Tokyo theaters and commuter trains - by devices originally developed to help security forces avert eavesdropping and thwart phone-triggered bombings.,Tech
ag_news_base_0713,"EDITORIAL: Military talks on Siachen The Indian defence minister, Pranab Mukherjee, has revealed that Indian and Pakistani military experts may soon discuss the Siachen issue.",World
ag_news_base_0714,"Sirius Names Karmazin CEO, Shares Jump  LOS ANGELES (Reuters) - Sirius Satellite Radio Inc.  &lt;A HREF=""http://www.investor.reuters.com/FullQuote.aspx?ticker=SIRI.O target=/stocks/quickinfo/fullquote""&gt;SIRI.O&lt;/A&gt; on Thursday named former Viacom Inc. President Mel  Karmazin as its chief executive, in the latest migration of a  mainstream radio heavyweight to the fledgling satellite  industry.",Business
ag_news_base_0715,"Senior British cabinet minister David Blunkett resigns in fallout &lt;b&gt;...&lt;/b&gt; Britain #39;s top law-enforcement officer, a key member of Prime Minister Tony Blair #39;s cabinet, resigned on Wednesday after acknowledging that his department had fast-tracked a visa for his former lover #39;s nanny.",World
ag_news_base_0716,"Private Spaceflight Closer to Reality MOJAVE, Calif. - Hoping to build on the momentum sparked by SpaceShipOne's dash into space, supporters of opening the heavens to civilians are turning the winner-take-all race into an annual competition that might further fuel imaginations...",World
ag_news_base_0717,"McAfee launches Managed Mail Security Service McAfee, on Monday, announced a launch of its multi-function e-mail service for small to medium sized businesses. It is a managed mail protection service that includes anti-spam, anti-virus, and content filtering technologies.",Tech
ag_news_base_0718,NFL notebook: Green likely to start Quarterback Trent Green took most of the snaps in yesterday #39;s Kansas City practice and is likely to start for the Chiefs tomorrow at Oakland.,Sports
ag_news_base_0719,"Before the Bell: Knight Falls, Too Rises  NEW YORK (Reuters) - Knight Trading Group Inc. &lt;A HREF=""http://www.investor.reuters.com/FullQuote.aspx?ticker=NITE.O target=/stocks/quickinfo/fullquote""&gt;NITE.O&lt;/A&gt;  shares fell more than 6 percent before the bell on Wednesday  after the Nasdaq stock trader warned of a quarterly loss  because of weak stock trading volume.",Business
ag_news_base_0720,"Overtime Rules Change I have been talking about this for a month, and I am finally starting to see more stories about the remarkable changes that begin today.",Business
ag_news_base_0721,"Indon police arrest 4 over embassy bombing JAKARTA - Authorities have arrested four people allegedly connected to last week #39;s deadly bombing at the Australian Embassy, Indonesia #39;s police chief said on Saturday.",World
ag_news_base_0722,"Schumacher on favourite stage MICHAEL SCHUMACHER is back at his favourite race to claim a title demoralised opponents conceded to him months ago, an unprecedented seventh F1 crown.",Sports
ag_news_base_0723,"DoCoMo to Offer Overseas Roaming-Capable 3G Phones  TOKYO (Reuters) - Top Japanese wireless carrier NTT DoCoMo  &lt;A HREF=""http://www.reuters.co.uk/financeQuoteLookup.jhtml?ticker=9437.T qtype=sym infotype=info qcat=news""&gt;9437.T&lt;/A&gt; said on Thursday it would launch a 3G phone equipped  for use overseas and including a video conferencing function,  getting a leg-up on its closest rival, KDDI Corp. &lt;A HREF=""http://www.reuters.co.uk/financeQuoteLookup.jhtml?ticker=9433.T qtype=sym infotype=info qcat=news""&gt;9433.T&lt;/A&gt;.",Tech
ag_news_base_0724,Paisley to meet Blair as efforts continue to secure North deal Democratic Unionist Party leader Ian Paisley is due to meet British Prime Minister Tony Blair in London today as part of ongoing efforts to restore devolved government in the North.,World
ag_news_base_0725,Former Air Force Official Sentenced in Boeing Case A former top Air Force official was sentenced to nine months in prison for favoring Boeing on military contracts worth billions of dollars.,Business
ag_news_base_0726,"Bloomberg to Delegates: New York Is Back (AP) AP - Mayor Michael Bloomberg welcomed delegates Monday to the Republican National Convention, proclaiming the city has fully recovered from the World Trade Center attacks and thanking Republicans for choosing New York.",World
ag_news_base_0727,"U.S. Job Cuts at 8-Month High in Sept. (Reuters) Reuters - U.S. planned job cuts soared to an\eight-month high in September while new hiring rose only\slightly, a report said on Tuesday.",Business
ag_news_base_0728,"Dozens Killed in U.S. Offensive in Iraq U.S. and Iraqi forces launched a major assault Friday to regain control of the insurgent stronghold of Samarra, and hospital officials said at least 80 people were killed.",World
ag_news_base_0729,"Butcher of Bali faces execution RADICAL Islamic cleric Abu Bakar Bashir could face the death penalty if convicted of charges over the Bali bombings, which killed 88 Australians.",World
ag_news_base_0730,"After Trio of Explosions, Scientists Say Supernova Is Imminent Three powerful blasts from three wholly different regions in space have left scientists scrambling. The blasts, which lasted only a few seconds, might be early alert systems for star explosions called supernovae, which could start appearing any day now.",Tech
ag_news_base_0731,DNA Testing May Curb Illegal Ivory Trade Description: Delegates from 160 nations are gathering in Thailand for a meeting on international trade in endangered species. They will discuss new genetic research that makes it easier to trace poached ivory.,Tech
ag_news_base_0732,"Burns puts himself in Scotland frame TIMING is everything in football. The job that Tommy Burns wanted more than anything came far too soon for him. Now, one that he probably never considered may be just the right fit.",Sports
ag_news_base_0733,"Toro Earnings Rise, Dividend Doubled  CHICAGO (Reuters) - Lawn-care equipment maker Toro  Co.&lt;A HREF=""http://www.investor.reuters.com/FullQuote.aspx?ticker=TTC.N target=/stocks/quickinfo/fullquote""&gt;TTC.N&lt;/A&gt;  on Wednesday reported stronger-than-expected  quarterly earnings and doubled its dividend, citing increased  sales and cost controls.",Business
ag_news_base_0734,"Clash of the Tech Titans (washingtonpost.com) washingtonpost.com - The Internet's biggest players are preparing for all-out war, adding new weapons to their arsenals in hopes that they can offer the best full suite of digital services to future Net users.",Tech
ag_news_base_0735,"Motorola trimming 1,000 jobs Motorola Inc. says it #39;s cutting about 1,000 jobs, or about 1 percent of its workforce, as it winds up its spinoff of Austin-based chip company Freescale Semiconductor Inc.",Business
ag_news_base_0736,"Belichick fillets Tuna: Powerful coach can rip Parcells Haven #39;t seen too many people dare to cross Bill Parcells, verbally or in print. Not many have the guts. Most are afraid to incur the Tuna #39;s wrath.",Sports
ag_news_base_0737,"Pitt Notebook: Harris chooses FG over touchdown try before half Pitt coach Walt Harris preferred to  quot;play the percentages quot; late in the first half last night and, as a result, the Panthers came away with a field",Sports
ag_news_base_0738,"First Google ratings show search engine revved up Five Wall Street firms that helped take Google Inc public started investment coverage of the internet search engine on Tuesday, giving it their highest stock ratings and predicting substantial gains.",Business
ag_news_base_0739,Arsenal #39;s Edu misses Panathinaikos clash Brazilian midfielder Edu will miss Arsenal #39;s Champions League Group E match at home to Panathinaikos on Tuesday. Arsenal #39;s website said Edu was suffering from a calf problem sustained in Saturday #39;s 2-2 draw with Southampton.,Sports
ag_news_base_0740,"Leeds United to sell ground as takeover collapses Leeds United Football Club is to sell its ground, Elland Road, after a takeover bid by a local consortium led by Sebastian Sainsbury fell through.",Sports
ag_news_base_0741,Earnhardt says punishment more severe than the crime Dale Earnhardt Jr. admits he was wrong to cuss in a live TV interview last weekend but says NASCAR was wrong to penalize him so harshly.,Sports
ag_news_base_0742,"Roethlisberger moves to 4-0 Rookie Ben Roethlisberger completed 11 consecutive passes on the visiting Pittsburgh Steelers #39; last two scoring drives Sunday, leading them to a 24-20 comeback victory against the Dallas Cowboys.",Sports
ag_news_base_0743,"Mac-based supercomputer drops to 7th place on Top500 (MacCentral) MacCentral - With performance almost double that of the Earth Simulator, in Yokohama, Japan, IBM Corp.'s Blue Gene/L on Monday was officially ranked first on the Top500 list of the world's fastest supercomputers. IBM built four of the top ten machines on the biannual list, which was set to be announced Monday evening at the SC2004 conference in Pittsburgh. Virginia Polytechnic Institute and State University reappeared on the list, finishing in seventh position five months after dropping off the June list because of a hardware upgrade to Apple Computer Inc.'s Xserve systems. ...",Tech
ag_news_base_0744,Desperate apologies for a naked promo Eagles owner Jeff Lurie after Monday night #39;s game said he had no problem with ABC-TV #39;s controversial pregame tease featuring Terrell Owens and naked actress Nicolette Sheridan in the Eagles locker room.,Sports
ag_news_base_0745,Trescothick boosts England England and Sri Lanka were evenly poised when rain brought a premature end to their crucial Champions Trophy encounter at the Rose Bowl.,Sports
ag_news_base_0746,Lawsuit Claims Free Speech for Online Casino Ads An Internet company that publishes information about online gambling has asked a judge to decide whether advertisements for Internet casinos are protected forms of speech.,Tech
ag_news_base_0747,James Hardie CEO and CFO stand aside The chief executive and chief financial officer of embattled building products company James Hardie Industries have stood aside in the wake of the findings of a special inquiry into the company #39;s asbestos liabilities.,Business
ag_news_base_0748,"Opinion: Local councils may be stuck with junk after Powerco &lt;b&gt;...&lt;/b&gt; Like a lot of cock-ups, the Takeover Panel #39;s decision on Prime Infrastructure #39;s takeover bid of networks company Powerco started with a small miscalculation.",Business
ag_news_base_0749,"China Has No Immediate Plan to Join G7  WASHINGTON (Reuters) - China, which for the first time  joined a meeting of top officials from the Group of Seven  countries this week, has no immediate plans to enter the rich  nations' club, its finance minister said on Saturday.",Business
ag_news_base_0750,"Google's New Tool Brings Search Home (washingtonpost.com) washingtonpost.com - Google Inc. released free software yesterday that lets people simultaneously search the Web and their personal computers for information, a move analysts described as a potential blow to rivals Microsoft Corp. and Yahoo Inc. in the race to woo more searchers.",Tech
ag_news_base_0751,"U.S. Readies Revised UN Resolution on Sudan's Darfur (Reuters) Reuters - The United States is expected to\distribute on Tuesday a revised version of its U.N. resolution\on Sudan, but retain a threat of sanctions if Khartoum does not\stop atrocities in its Darfur region, diplomats said.",World
ag_news_base_0752,"Video games turn sharply to violence This season #39;s blockbuster video games give players the opportunity to hijack cars, mow down the walking undead with heavy artillery, shoot police officers and ogle topless women.",Tech
ag_news_base_0753,"Times Company Buys a Stake in Boston Metro, a Free Paper The New York Times Company said that it had agreed to buy 49 percent of Metro Boston, a free newspaper aimed primarily at commuters in their 20's and 30's.",Business
ag_news_base_0754,Intel Ramps Up with New Pentium M 765 Processor The Intel Pentium M processor 765 will be featured in Intel Centrino mobile technology-based systems being introduced worldwide. Intel is also shipping boxed versions of the new processor to,Tech
ag_news_base_0755,Canada #39;s Bombardier Fires CEO Tellier Canadian trains and planes manufacturer Bombardier Inc. fired its chief executive officer on Monday and its share price dropped to record lows.,Business
ag_news_base_0756,Pacers Bench Artest Pacers Coach Rick Carlisle benches Ron Artest on Tuesday night and for Wednesday's game against the Clippers for an unspecified reason.,Sports
ag_news_base_0757,Gunfire disrupts Arafat mourning ceremony Gunmen stormed into a mourning tent for Yasser Arafat in Gaza City Sunday night shortly after the arrival of the new leader of the Palestine Liberation Organization,World
ag_news_base_0758,Fan v Fan: Internazionale-Juventus This weekend sees one of the big games of Serie A - a Milan-Turin clash between Inter and Juventus. Both sides are doing well in the Champions League -ut Juve lead the way in Serie A. Goal.,Sports
ag_news_base_0759,Far Right surges as Schrder feels fury of the east Chancellor Gerhard Schrder #39;s ruling Social Democrats were dealt a heavy blow yesterday by voters in two east German states where anger at high unemployment and economic reforms,World
ag_news_base_0760,"From Internet Arm Wrestling to the Magic of Math The renovated New York Hall of Science's new shows include one of the oldest (and best): ""Mathematica,"" a show that continues to inspire wonder and persistent curiosity.",Tech
ag_news_base_0761,"Red Hat taps Netscape to broaden its landscape com September 30, 2004, 8:02 AM PT. This fourth priority #39;s main focus has been improving or obtaining CRM and ERP software for the past year and a half.",Tech
ag_news_base_0762,"Beware Dust from Jupiter's Moon Io Jupiter's moon Io is peppered with volcanoes, the hottest, most active volcanoes in our solar system. Sizzling vents spew plumes of gas and dust as much as 400 km high. They surge, spit, subside and surge again, non-stop. Passing spacecraft beware: Io is shooting at you.",Tech
ag_news_base_0763,"Texas A M, Tenn. to Meet in Cotton Bowl (AP) AP - Texas A amp;M's great turnaround season continued Sunday as the Aggies earned a spot in the Cotton Bowl against Tennessee. And the Aggies have their top rival, Texas, to thank for it.",Sports
ag_news_base_0764,Georgia School Board in Court Over Evolution Flap (Reuters) Reuters - Lawyers for a Georgia school district\and a group of parents clashed on Monday over the\constitutionality of placing stickers that challenge the theory\of evolution on textbooks.,Tech
ag_news_base_0765,"Bengals LB Webster out for season Bengals middle linebacker Nate Webster will miss the rest of the season with a knee injury. Webster had surgery Monday to repair the patella tendon in his right knee, torn during the closing minutes of a 23-9 loss to the Baltimore Ravens on Sunday.",Sports
ag_news_base_0766,"Report: Britain Wins U.S. Support for Mideast Talks (Reuters) Reuters - Britain has won U.S. agreement to hold\an international peace conference on the Middle East in London\early next year, the Daily Telegraph reported on Monday.",World
ag_news_base_0767,"NFL Preview - Tennessee (4-7) At Indianapolis (8-3) Peyton Manning will look to draw closer to NFL history on Sunday, when the quarterback leads his Indianapolis Colts into battle to face the visiting Tennessee Titans.",Sports
ag_news_base_0768,Monty leads in California Colin Montgomerie will take a two-stroke lead into the final round of the Target World Challenge as he attempts to capture his first victory of the season.,Sports
ag_news_base_0769,"Nokia, Intel Join Forces on Symbian Phones  AMSTERDAM/LONDON (Reuters) - Intel and Nokia will jointly  develop smart phones that run on the Symbian operating system,  the two tech giants said on Tuesday, unveiling their first  major cooperative effort in cell phones.",Tech
ag_news_base_0770,"Delta to Cut Up to 7,000 Jobs  ATLANTA (Reuters) - Delta Air Lines Inc. &lt;A HREF=""http://www.investor.reuters.com/FullQuote.aspx?ticker=DAL.N target=/stocks/quickinfo/fullquote""&gt;DAL.N&lt;/A&gt; said on  Wednesday it would cut 6,000 to 7,000 jobs, or about 10 percent  of its work force, over the next 18 months and drop Dallas/Fort  Worth as a hub as it tries to avert bankruptcy.",Business
ag_news_base_0771,Seahawks Slant Defense: Ken Lucas. His biggest play was his first one. The fourth-year cornerback intercepted a Ken Dorsey pass that kissed off the hands of wide receiver Rashaun Woods and returned it 25 yards to set up the Seahawks #39; first score.,Sports
ag_news_base_0772,Wis. Plans to Invest in Stem Cell Study (AP) AP - Gov. Jim Doyle announced plans Wednesday to invest nearly  #36;750 million to support human embryonic stem cell research and other medical experiments.,Tech
ag_news_base_0773,"Photo 1 of 8: Microsoft's new Media Center push Software maker heads to LA to show off a host of gadgets that use one or another Microsoft technology to access movies, music and video.",Tech
ag_news_base_0774,Blair warned against troops help to US in Iraq LONDON - British Prime Minister Tony Blair has been warned not to put British troops in Iraq in danger merely as a political gesture to the American administration.,World
ag_news_base_0775,"Hurricane Ivan Churns Toward Caribbean BRIDGETOWN, Barbados - Hurricane Ivan churned toward the Caribbean on Monday, packing sustained winds of 115 mph and threatening to hit Barbados and other islands, after it strengthened from tropical storm status with unusual speed.    Residents rushed to install storm shutters and schools remained closed in Barbados, where the Category 3 storm - the fourth major hurricane of the season - was expected to hit late Tuesday...",World
ag_news_base_0776,Bank of England Leaves Rate Unchanged It was the third month in a row that the bank #39;s Monetary Policy Committee has frozen the rate. The decision was widely expected following indications that Britain #39;s economy has slowed.,Business
ag_news_base_0777,"Pedro to Emerge From Schilling's Shadow (AP) AP - For all his Cy Young Awards, for all his October theatrics, Pedro Martinez has become almost an afterthought for the Boston Red Sox during this year's postseason surge.",Sports
ag_news_base_0778,"Boston Capital hopes to raise \$1b in IPO Boston Capital Real Estate Investment Trust Inc., an owner of apartment complexes in Florida, Oregon, Washington, and Utah, boosted the size of its initial public offering to as high as \$1 billion. The Boston-based company plans to sell as many as 100 million shares for \$10 each, according to a filing with the Securities and Exchange Commission. In November, Boston ...",Business
ag_news_base_0779,"NASA #39;s DART launch Postponed NASA and Orbital Sciences Corp. have postponed today #39;s launch of the Demonstration of Autonomous Rendezvous Technology (DART) spacecraft because the target satellite, Multiple Paths, Beyond-Line-of-Sight Communications",Tech
ag_news_base_0780,Rupert blinks as the ISS giant awakes Rupert Murdoch #39;s brazen attempt to relocate to dodgy Delaware is in big trouble and the world #39;s most powerful man has blinked.,Business
ag_news_base_0781,Thai Premier Creates Panel to Probe 84 Deaths in Southern State Thailand #39;s Prime Minister Thaksin Shinawatra said he will set up an inquiry into the deaths of 84 people who suffocated after being taken to an army camp in the majority-Muslim southern province of Narathiwat.,World
ag_news_base_0782,"Chile Group Plans Bush Welcome with War Crime Suit  SANTIAGO, Chile (Reuters) - Chileans opposed to the Iraq  war have accused President Bush of war crimes in a criminal  complaint lodged on Tuesday, less than a month before he is  scheduled to visit the country.",World
ag_news_base_0783,"Suffolk plans to lighten load Suffolk Downs must apply to the state commission for 2005 racing dates by Oct. 1, and management intends to seek a schedule similar to this year's, with some modifications.",Sports
ag_news_base_0784,"Allchin: Don't call it ""Shorthorn"" Despite the removal of an advanced file system, Longhorn will not be short on features, Jim Allchin tells CNET News.com.",Tech
ag_news_base_0785,"Lidge, Wheeler shine brightest in relief Entering the National League Championship Series, the St. Louis Cardinals appeared to have a decisive edge over the Astros in several areas, including the bullpen.",Sports
ag_news_base_0786,"To Survive the Dance, Marsh Must Follow Spitzer #39;s Lead Jeffrey Greenberg will almost certainly be gone. But his company, Marsh  amp; McLennan, has a good chance of surviving as long as its outside directors understand that Mr.",Business
ag_news_base_0787,Rescuers confident of saving second pod Rescue teams are confident of saving most surviving whales from a pod beached off Tasmania #39;s east coast - the second mass stranding in Tasmanian waters in 24 hours.,World
ag_news_base_0788,"AT amp;T Wireless Goes to Market with Ogo AT amp;T Wireless says its new Ogo messaging device is meant to create an entirely new category of users.  quot;Ogo doesn #39;t pretend to be  #39;all things to all people, #39; and is not bogged down by hardly",Tech
ag_news_base_0789,Egypt and Israel sign US-brokered trade agreement Israel and Egypt signed a trade deal yesterday that could ensure thousands of Egyptian jobs and secure the two countries #39; often problematic relations.,World
ag_news_base_0790,"Past woes lead to Backman firing PHOENIX -- Just four days after he was introduced as the Arizona Diamondbacks manager, Wally Backman was fired yesterday following revelations he was arrested twice and struggled with financial problems.",Sports
ag_news_base_0791,"What was Natwar chewing at press conference with Kasuri New Delhi, Sep 7 (UNI) What was External Affairs Minister K Natwar Singh chewing at his joint press conference yesterday with his Pakistani counterpart Khurshid Mahmud Kasuri after their two-day talks?",World
ag_news_base_0792,"Pittsburgh Upsets No. 21 W. Virginia 21-13 (AP) AP - Tyler Palko, frustrated nearly all night by West Virginia's defense, completed four third-down passes on Pittsburgh's only sustained drive before scoring from the 2 late in the game to lead a 16-13 upset Thursday of the No. 21 Mountaineers.",Sports
ag_news_base_0793,"Five Churches, Hospital Bombed in Baghdad BAGHDAD, Iraq - Bombs exploded outside five churches in Baghdad and mortar rounds hit near a hospital and a hotel frequented by foreigners, as U.S. forces loosened a cordon around the Sunni insurgent stronghold of Fallujah after several days of clashes with rebels there...",World
ag_news_base_0794,"Before the Bell: Intel Falls  NEW YORK (Reuters) - Shares of Intel Corp. &lt;A HREF=""http://www.investor.reuters.com/FullQuote.aspx?ticker=INTC.O target=/stocks/quickinfo/fullquote""&gt;INTC.O&lt;/A&gt; fell  1.35 percent before the bell on Monday following a ratings  downgrade by First Albany.",Business
ag_news_base_0795,"Paradorn Powers Past Struggling Costa  VIENNA (Reuters) - Fifth seed Paradorn Srichaphan added to  Albert Costa's woes at the Vienna Trophy Wednesday, winning  6-4, 6-4, to reach the second round.",Sports
ag_news_base_0796,"U.N.: Palestinian Economy Grew 4.5 Pct (AP) AP - Three of every four Palestinians live in poverty and their economy still depends on donors, despite 4.5 percent economic growth last year, the United Nations said on Wednesday.",World
ag_news_base_0797,Economy Emerging from Soft Spot-Fed Gov  PHILADELPHIA (Reuters) - Federal Reserve Board Governor  Susan Schmidt Bies on Monday said the latest batch of U.S.  economic figures showed the economy has gotten past its  mid-year soft patch.,Business
ag_news_base_0798,India to forge strategic partnership with EU Indian Prime Minister Manmohan Singh left here Sunday for a three-day visit to The Hague to attend the fifth India-European Union Summit aimed at promoting their growing ties to a strategic level.,Business
ag_news_base_0799,"Fratello Hired As Grizzlies #39; Coach Mike Fratello was hired as coach of the Memphis Grizzlies on Thursday, leaving the TV booth and replacing friend and mentor Hubie Brown, who retired last week for health reasons.",Sports
ag_news_base_0800,"Dell unveils hat trick of products The PC maker is gearing up for the fall with new printers, TVs and a spiced-up desktop.",Tech
ag_news_base_0801,"Powerful Typhoon Poised to Strike Southern Japan (Reuters) Reuters - A powerful typhoon loomed off\southwestern Japan Sunday, threatening large areas of the\country with fierce wind and rain.",World
ag_news_base_0802,"SD in the cards for Nokia &lt;a href=""http://news.zdnet.co.uk/hardware/mobile/0,39020360,39166545,00.htm""&gt;Nokia gives SD cards its blessing&lt;/a&gt; &lt;font size=-1 color=#6f6f6f&gt;&lt;nobr&gt;ZDNet.co.uk&lt;/nobr&gt;",Tech
ag_news_base_0803,Nvidia to put more force behind Intel processors A broad patent agreement will let the graphic-chip specialist build chipsets for Intel PCs.,Tech
ag_news_base_0804,"Diamondbacks Pass on Grace for Manager (AP) AP - The Arizona Diamondbacks are starting to shorten their list of managerial candidates, and Mark Grace is out of the running for the job.",Sports
ag_news_base_0805,Messina held by Palermo Heavy rain made for difficult playing conditions and it was not until the latter stages that the teams went close to breaking the deadlock but on both occasions they struck the woodwork.,Sports
ag_news_base_0806,"Colorado Man Gets Web-Arranged Kidney Transplant (Reuters) Reuters - A 58-year-old Colorado man received a\new kidney on Wednesday in the first transplant operation in\the United States using an organ found on a private Web site,\hospital officials said.",Tech
ag_news_base_0807,"Avis Europe is latest to get stung by IT Avis Europe PLC has dumped a new ERP system based on software from PeopleSoft Inc. before it was even rolled out, citing substantial delays and higher-than-expected costs.",Tech
ag_news_base_0808,"Aid Worker Hassan Mourned at London Service   LONDON, Dec. 11 -- Family and friends gathered at Westminster Cathedral Saturday to remember Margaret Hassan, a respected aid worker abducted and believed murdered in Iraq.",World
ag_news_base_0809,Interim Chief At Enron Asks for \$25 Million Enron Corp. #39;s interim chief executive has asked a federal bankruptcy judge to award his firm a \$25 million  quot;success fee quot; for stabilizing the fallen Houston energy giant.,Business
ag_news_base_0810,"Marsh   McLennan to Lay Off 3,000 Marsh   McLennan said today that it would lay off roughly 5 percent of its work force, as it moved to right itself after being accused of bid-rigging.",World
ag_news_base_0811,India rocked by Harmison and Wharf (AFP) AFP - Stephen Harmison took a hat-trick as India were bowled out for a meagre 170 in the first one-day international of a three-game series at Trent Bridge here.,World
ag_news_base_0812,"After a 28-Year Hiatus, Miss (er, Ms.) Subways Is Back Miss Subways has returned, in a revival of a contest that wilted in 1976, to celebrate the 100th anniversary of the New York City subway system. But please  it's Ms. Subways now.",World
ag_news_base_0813,Israel behind attack on Hamas member - reports An Israeli television station has reported that Israel was behind the car bombing that killed a senior member of the Hamas group in Damascus this morning.,World
ag_news_base_0814,"TiVo 2nd-Qtr Loss Widens, Subscribers Up Digital video recorder maker TiVo Inc. on Thursday said it recorded a wider fiscal second-quarter net loss despite a sharp growth in subscribers, as it increased spending in hopes of accelerating the growth.",Business
ag_news_base_0815,Lemieux #39;s line powers Canada to 5-0 victory vs. Slovakia Mario Lemieux has been saying for days that he isn #39;t worried about failing to score a goal in the World Cup. Same with the many teammates who have insisted,Sports
ag_news_base_0816,"Davis return buoys Badgers MADISON, Wis. -- Tailback Anthony Davis's return from an eye injury sparked No. 20 Wisconsin's stagnant offense and the Badgers' defense was as stout as ever in a 24-7 victory over Illinois yesterday.",Sports
ag_news_base_0817,"Nearly a Month Later, Ohio Fight Goes On (AP) AP - Nearly a month after John Kerry conceded Ohio to President Bush, complaints and challenges about the balloting are mounting as activists including the Rev. Jesse Jackson demand closer scrutiny to ensure the votes are being counted on the up-and-up.",World
ag_news_base_0818,"Bosnia Serb PM Resigns, Rejects Western Pressure Bosnian Serb Prime Minister Dragan Mikerevic stepped down on Friday, refusing to enact police and army reforms demanded by top peace overseer Paddy Ashdown.",World
ag_news_base_0819,"Big Ten gears defenses to stop run For a conference rooted in offensive muscle, the Big Ten seems a little frail in the running department this season. Ohio State and Michigan, which built their reputations on power football, rank",Sports
ag_news_base_0820,"Couple linked with embassy attack arrested in Indonesia A man and his wife have been arrested in the Indonesian province of East Java with possible link to the last week #39;s bombing outside the Australian Embassy here, police said Thursday.",World
ag_news_base_0821,"No Giving In To Iraq Kidnappers: Britain London, Sept. 23 (NNN): Britain has ruled out negotiations with militants holding a British man in Iraq, after the hostage made a video appeal to Prime Minister Tony Blair to help save his life.",World
ag_news_base_0822,"NASA Picks Swede Launch Site for Balloons STOCKHOLM, Sweden Aug. 24, 2004 - NASA has agreed to launch its largest scientific balloons from a site in northern Sweden, a spokesman said Tuesday.",Tech
ag_news_base_0823,"Report: Boeing Probe Widens Government scrutiny of Boeing (BA:NYSE - news - research) appears to be widening, with federal prosecutors reportedly now looking at a \$100 billion Army program Boeing oversees.",Business
ag_news_base_0824,New FEMA intranet helps support hurricane victims The Federal Emergency Management Agency recently rolled out an Intranet that has helped it handle overflow processing for hurricane disaster relief.,Tech
ag_news_base_0825,"Israel plans 530 settler homes Israel is planning to build more than 530 new settler homes in the West Bank after Washington signalled it would accept growth in Jewish enclaves in the occupied territory, political sources say.",World
ag_news_base_0826,Tauzin to Head Pharmaceutical Lobbying Group Retiring Rep. Billy Tauzin will become head of the pharmaceutical industry's top lobbying group next month after leaving his post as head of the House committee that regulates the pharmaceutical industry.,Business
ag_news_base_0827,"Rwanda issues genocide warning Rwanda warns it will intervene to prevent genocide, as more than 150 Tutsi  refugees are buried in Burundi.",World
ag_news_base_0828,"Bills Beat Dolphins, 42-32 (AP) AP - A.J. Feeley was the better quarterback early. Then Drew Bledsoe began to pick apart the Miami Dolphins' defense.",Sports
ag_news_base_0829,Delphi gets SEC subpoena Automotive parts supplier Delphi Corp. said Wednesday it received a subpoena from the Securities and Exchange Commission in late July related to agreements with Electronic Data Systems Corp.,Business
ag_news_base_0830,Merck #39;s stock rises despite cloudy outlook The big drug maker yesterday told Wall Street that the recent withdrawal of its Vioxx painkiller will dampen 2005 earnings even more than previously expected.,Business
ag_news_base_0831,Trademark vs. Search: Do you Soo...gle? Does Geico's trademark lawsuit against Google have merit? How will the case be argued?  What's the likely outcome of the trial?  A mock court of trademark experts weighs in with their verdict.,Tech
ag_news_base_0832,"Europe probe safely enters Moon orbit PARIS The first European spacecraft sent to the Moon has entered orbit there, the European Space Agency said on Tuesday. The SMART-1 spacecraft reached its closest point to the Moon so far, coming within 5,000",Tech
ag_news_base_0833,Sahara tourists face theft charge Five Germans thought to be missing in the Sahara are safe but face charges for the alleged theft of artefacts.,World
ag_news_base_0834,"Gorbachev calls for terror talks The former Soviet leader tells BBC's Newsnight terrorism can only be tackled by political means, just weeks after the Beslan school seige tragedy.",World
ag_news_base_0835,Angels inch within a game of Athletics John Lackey fell behind early before Anaheim rallied behind three RBIs from Troy Glaus to beat Oakland 6-2 on Sunday to close within one game of the AL West-leading Athletics with a week to play.,Sports
ag_news_base_0836,"Media General expects fourth, full-year earns to top expectations Media General Inc. said Tuesday it expects fourth-quarter and full-year earnings to exceed Wall Street estimates, primarily due to the robust performance of its broadcast division.",Business
ag_news_base_0837,"Hynix #39;s 3Q Profit More Than Triples SEOUL, South Korea - South Korea #39;s Hynix Semiconductor Inc. said Monday its third-quarter net profit more than tripled from same period last year thanks to steady global prices for memory chips.",Business
ag_news_base_0838,FCC is watching SBC #39;s VoIP charge WASHINGTON--The Federal Communications Commission is keeping and eye on SBC Communications #39; new connection charge for calls made over the Internet.,Business
ag_news_base_0839,"Napster to Provide Mobile Ringtones Napster, one of the world #39;s most well known music downloading services, has signed a lucrative deal with Dwango Wireless that could see a mobile phone capable of downloading ringtones from Napster by 2005.",Tech
ag_news_base_0840,"Inkster takes one-stroke lead over Kim Hall of Famer Juli Inkster, looking to extend to her streak of winning a tournament to eight years, shot a 5-under 66 Friday and took a one-stroke lead over Christina Kim after two rounds of the LPGA Longs Drugs Challenge.",Sports
ag_news_base_0841,Iraq donors conference winds up in Japan A two-day meeting of Iraq #39;s donors has wound up in Tokyo with all those involved indentifying the ongoing insurgency as the biggest obstacle to the country #39;s reconstruction.,World
ag_news_base_0842,Microsoft Looks to Expand Windows Brand at Home Efforts by Microsoft Corp. (MSFT) and the PC industry to expand into to the living room will get a boost next week as they show off technologies that try to balance Hollywood's piracy fears with the appeal of digital media.,Tech
ag_news_base_0843,PM arrives in Chile for APEC PRIME Minister John Howard joined world leaders from across Asia and the Pacific today for the 12th Asia-Pacific Economic Cooperation (APEC) leaders #39; meeting.,World
ag_news_base_0844,"Cleric Charged in Jakarta Hotel Attack Militant Muslim cleric Abu Bakar Bashir is escorted from prison after being re-arrested at the end of his 18-month sentence for minor immigration offenses in this file photo from April 30, 2004, in Jakarta, Indonesia.",World
ag_news_base_0845,"One killed in bombings at three bank branches BUENOS AIRES -- Bombs exploded at three banks in the Argentine capital yesterday, including two branches of US giant Citibank, killing one security guard and injuring a bomb squad officer, officials said. No group claimed responsibility for the bombs, none of which was big enough to cause major damage to the buildings. ''The government is asking people not to touch ...",World
ag_news_base_0846,"Roadside bomb kills 11 in Kashmir A roadside bomb has killed 11 people, including nine Indian soldiers, in the Indian-ruled portion of Kashmir, in one of the deadliest attacks there in recent months.",World
ag_news_base_0847,Fusion reactor decision must wait The six nations planning to build the world #39;s biggest nuclear fusion reactor ended their latest meeting with no agreement on a site for the facility.,World
ag_news_base_0848,"Schlumberger Reports 3rd-Quarter Profit of \$318.2 Mln (Update1) Schlumberger Ltd., the world #39;s second- largest oilfield-services company, had third-quarter net income of \$318.2 million after a year-earlier loss of \$55.",Business
ag_news_base_0849,"There's nothing to fear but Feehan itself The Bourne football team has compiled five shutouts and played to a 10-1 record this season behind the mantra:  quot;Respect everybody, fear nobody. quot; That formula becomes harder to live by tomorrow when the Canalmen take on Eastern Athletic Conference champion Bishop Feehan in the Division 2A playoffs at 4 p.m. at Greater New Bedford Vocational High School.",Sports
ag_news_base_0850,"Guilty plea on island sex abuse ONE of the seven men on trial for sexual abuse on remote Pacific island of Pitcairn has pleaded guilty to three of the four charges he faced, including indecent assault against a 12-year-old girl.",World
ag_news_base_0851,"Economy Expands Despite Rising Oil Prices Rising energy costs drove up US consumer prices a larger-than-expected 0.6 percent in October, while industrial output and housing starts rebounded strongly from the prior month.",Business
ag_news_base_0852,Tech firms urge Bush to focus on cybersecurity WASHINGTON - A cybersecurity advocacy group on Tuesday called on U.S. President George Bush to focus more resources on computer issues and elevate the top IT security position at the U.S. Department of Homeland Security (DHS) to the assistant secretary level.,Tech
ag_news_base_0853,"Telstra Chief Switkowski Quits, to Leave in 2005 (Update2) Ziggy Switkowski quit as chief executive of Telstra Corp., Australia #39;s largest phone company, ending a five-year tenure where he presided over a 42 percent slide in the share price and",Business
ag_news_base_0854,First Look: Affordable TiVo With DVD Burning  Humax offers solid box with built-in DVD recorder and 80 hours of storage.,Tech
ag_news_base_0855,"Mortgage rates going up Fresh signs of strength in the economy have caused mortgage rates to rise. Mortgage company Freddie Mac says the average for a 30-year fixed-rate mortgage is now 5.81 percent, up sharply from 5.72 in last week #39;s survey.",Business
ag_news_base_0856,"Krispy Kreme Posts Loss, Stock Off 16 Pct Krispy Kreme Doughnuts Inc. (KKD.N: Quote, Profile, Research) on Monday reported a quarterly loss due to store closings and sluggish sales, sending its stock down 16 percent.",Business
ag_news_base_0857,"Google adds major libraries to its database Google, the operator of the world #39;s most popular Internet search service, plans to announce an agreement Tuesday with some of the nation #39;s leading research libraries and Oxford",Tech
ag_news_base_0858,McCain Calls for Tougher Testing Policy Senator John McCain plans to introduce legislation requiring Major League Baseball players to be tested for steroids.,Sports
ag_news_base_0859,"Stocks End Higher After Fed Rate Hike  NEW YORK (Reuters) - U.S. stocks ended higher on Tuesday,  after the Federal Reserve raised interest rates as expected and  said inflation was in check and the economy is growing at a  moderate pace despite a rise in energy prices.",Business
ag_news_base_0860,"Reshuffling Of Flights In And Out Of Tulsa International Airport Layoffs by Delta Airlines in Dallas are being felt in Tulsa. Delta announced Wednesday they #39;re cutting 7,000 jobs by drastically downsizing their Dallas hub.",Business
ag_news_base_0861,Sudan ready to sign peace deal with south: Beshir (AFP) AFP - Sudanese President Omar al-Beshir said he was ready to sign a peace deal with southern rebels and that he did not want to govern the country alone.,World
ag_news_base_0862,"AC Milan gains momentum Rome, Italy (Sports Network) - AC Milan won 1-0 at Cagliari Sunday as a crucial week lies ahead for the Italian giants. Milan rested many of its regulars including Jaap Stam and Hernan Crespo because of a",Sports
ag_news_base_0863,"Power outage wreaks havoc in Bronx Perhaps it won #39;t rank in the memory banks of New Yorkers to the extent the 1965, 1977 or 2003 blackouts do, but for the 53,530 in attendance at Yankee Stadium for Friday #39;s game against the Anaheim Angels, the unplugged ...",Sports
ag_news_base_0864,"Dollar Edges Up After Euro Talked Down  TOKYO (Reuters) - The dollar crept up on Wednesday,  enjoying some respite from recent falls due to caution ahead of  an announcement on U.S. interest rates and after more European  officials spoke out against the euro's rapid rise.",Business
ag_news_base_0865,"EU downgrades 2005 growth forecast on high oil prices, euro rally LONDON, October 26 (newratings.com) - The European Commission has reduced its growth forecasts for the Eurozone economy for 2005, saying that the elevated oil prices and a continued rally in the euro would adversely impact the economy next year.",Business
ag_news_base_0866,"Afghan Leader Faces Huge Task After Inauguration (Reuters) Reuters - Hamid Karzai will be sworn in as his\country's first elected president Tuesday, facing a huge amount\of more work to rebuild a land still traumatized by more than a\quarter century of war.",World
ag_news_base_0867,"Karzai Officially Declared Winner KABUL, Afghanistan, Nov. 3 -- President Hamid Karzai on Wednesday was officially declared the winner of Afghanistan's first-ever democratic presidential election more than three weeks after votes were cast, giving him a five-year mandate to try to steer this country out of a quarter-century of civil war and strife.",World
ag_news_base_0868,"Canada buries submariner, probes tragedy Canada buried a sailor this week who died in a submarine fire that naval officers say was poorly handled by the vessel #39;s skipper.",World
ag_news_base_0869,Three Executives at Marsh Removed in Reorganization Two of the highest ranking executives of Marsh   McLennan's insurance brokerage business and the company's general counsel were forced out.,Business
ag_news_base_0870,"Gordon Cooper Gordon Cooper, the former astronaut who died on Monday aged 77, played an important part in the American space programme which culminated in the first manned flight to the moon in 1969.",Tech
ag_news_base_0871,Airports turn to private screeners The US government is making it easier for airports that want to replace federal baggage and passenger screeners with privately employed workers.,Business
ag_news_base_0872,"Basketball: Canada #39;s Nash makes triumphant NBA return to Dallas DALLAS, United States : Steve Nash reminded the Dallas Mavericks how impressive a National Basketball Association player he can be, scoring 17 points and adding 18 assists to lead Phoenix in a 107-101 triumph here.",Sports
ag_news_base_0873,"S. Abdur-Rahim The Portland Trail Blazers made some huge strides in 2003-04 to rid themselves of the remnants of the Bob Whitsitt Era. Of all the changes new general manager John Nash made last season, none was more important than making this team likable.",Sports
ag_news_base_0874,"INTERVIEW: IBM Eyes Half of China's Computer Market (Reuters) Reuters - International Business Machines Corp.\is reaping the rewards of a decade-long push into China's\business computer market and is eyeing upward of a 50 percent\share, China General Manager Henry Chow said.",World
ag_news_base_0875,Argentina: Bank bomb blasts kill one A series of bombings ripped through three banks in downtown Buenos Aires Wednesday killing one security guard and injuring a member of the bomb squad.,World
ag_news_base_0876,"Apple ships security patch for iChat Apple Computer last week released a security patch for its Mac OS X iChat instant messaging client, which contains a flaw that hackers could use to takeover a person #39;s computer.",Tech
ag_news_base_0877,"Chase leaders catch a break DARLINGTON, SC  Seldom has rain been so welcomed by race drivers as the drizzle that washed out qualifying Friday for Sunday #39;s Southern 500.",Sports
ag_news_base_0878,"Stocks to Watch on Wednesday, August 18  APPLIED MATERIALS INC. &lt;A HREF=""http://www.investor.reuters.com/FullQuote.aspx?ticker=AMAT.O target=/stocks/quickinfo/fullquote""&gt;AMAT.O&lt;/A&gt;:",Business
ag_news_base_0879,"Dow to Sell Stake in Venture to DuPont (Reuters) Reuters - Dow Chemical Co.  on Monday\said DuPont Co.  will buy its remaining equity stake in\DuPont Dow Elastomers LLC, a 50/50 joint venture between the\two companies, for  #36;87 million.",Business
ag_news_base_0880,"Armed police start Singapore patrols Special operations forces, armed with machine guns, began patrolling Singapore #39;s residential neighbourhoods and busy shopping districts to thwart a potential terror attack in the city-state, a staunch US ally.",World
ag_news_base_0881,"Today's schedule College basketball: WOMEN -- William Smith at Babson, 7 p.m.; Brandeis at Curry, 7 p.m.; Southern Maine at Tufts, 7 p.m.; Providence at UConn, 7:30 p.m.",Sports
ag_news_base_0882,"PluggedIn: DVD Lagging TV in Recorders Race  NEW YORK (Reuters) - DVD recorders are getting cheaper and  easier to use, but that may not be enough to spark demand for  the sluggish selling devices.",Tech
ag_news_base_0883,"Pacers brawl with Detroit spectators in NBA nightmare melee Get INQ7 breaking news on your Smart mobile phone in the Philippines. Send INQ7 BREAKING to 386. AUBURN HILLS, Michigan, United States of America -- An epic brawl involving Indiana Pacers players and angry",Sports
ag_news_base_0884,Vikes have too many weapons for  #39;Boys In the battle of two No. 1s -- the No. 1 offense of 2003 against the No. 1 defense -- the Minnesota Vikings held all the aces. They had No.,Sports
ag_news_base_0885,"Sensex stays rangebound in early Tuesday trade After resuming barely steady, the Sensex moved in a very narrow range during the opening session on the Bombay Stock Exchange on Tuesday on alternate bouts of buying and selling.",Business
ag_news_base_0886,"Coke Profit Drops on US, European Sales Coca-Cola Co. (KO.N: Quote, Profile, Research) on Thursday reported a 24 percent drop in third-quarter net income due to weak sales of its soft drinks, juices and bottled",Business
ag_news_base_0887,"Cingular Buyout of AT amp;T Wireless Wins Approval Description: The Justice Department clears the way for Cingular Wireless to acquire AT amp;T Wireless. The deal, worth an estimated \$41 billion, would make Cingular the nation #39;s largest wireless phone company.",Business
ag_news_base_0888,"Global effort to curtail smoking hits milestone On Mexican billboards, drivers can still see the Marlboro Man, Philip Morris #39;s masculine image of a smoker. Television stations in",World
ag_news_base_0889,"Proxim, Symbol settle in patent case The two companies reach a settlement and sign a cross-licensing agreement, ending years of litigation over patent infringement.\",Tech
ag_news_base_0890,"Africa ; Majority backs Macedonia #39;s multi-ethnic future The Socialist-led coalition government is committed to achieving membership of NATO and the EU, which has sent a questionnaire containing 3,000 questions that Macedonia must answer before talks about membership of the bloc can start.",World
ag_news_base_0891,"Vinnie Roe caught out by weight Irish stayer Vinnie Roe #39;s top weight of 58 kilograms was a telling factor as he finished second to favourite Makybe Diva in the rainswept Melbourne Cup, according to trainer Dermot Weld.",Sports
ag_news_base_0892,"Mortgage rates push higher Mortgage rates edged up slightly this week, putting an end to a two-week decline, according to surveys conducted by mortgage buyer Freddie Mac and Bankrate.",Business
ag_news_base_0893,"German Officials' Growth Outlook Better (AP) AP - German finance professionals grew less pessimistic about the country's economic growth outlook, but remain concerned that the euro's record highs against the U.S. dollar will weigh on exports, a monthly survey showed Tuesday.",Business
ag_news_base_0894,"Hewitt Rusty but Wins Adelaide Opener (AP) AP - Top-seeded Lleyton Hewitt opened his 2005 singles season with a 2-6, 6-1, 6-1 win over French qualifier Arnaud Clement in a first-round match Tuesday at the Australian men's hardcourt tennis championships.",Sports
ag_news_base_0895,"A TIE TO DIE FOR The main grandstands at the Salinas Sports Complex were overflowing with football fans, many wearing the red and gold of Palma High School.",Sports
ag_news_base_0896,"UK Enron Bankers Can Be Extradited to the US, Court Rules Three British bankers can be extradited to the US to face fraud charges related to former energy trader Enron Corp., a London court ruled.",Business
ag_news_base_0897,"Detroit Pistons Team Report - December 16 (Sports Network) - The Detroit Pistons start a three-game homestand, as they welcome LeBron James and the Cleveland Cavaliers tonight to The Palace of Auburn Hills.",Sports
ag_news_base_0898,"Britannia rules as baton again lets US down SINCE the United States started taking part in the Olympic Games 4x100m relay in 1920, they have been disqualified three times and lost only once - to Canada in 1996.",Sports
ag_news_base_0899,Australia to Boost Security Net Around Coastline Australia plans to strengthen its coastal security with a controversial surveillance footprint that stretches south of New Zealand to north of Indonesia.,World
ag_news_base_0900,"ECB Rates Seen Steady as Euro, Oil Weigh (Reuters) Reuters - The European Central Bank is expected\to keep interest rates steady at 2 percent on Thursday, with\markets looking for any hint that the central bank's worries\about growth have heightened.",Business
ag_news_base_0901,"Anxious Night Falls on Japan After Quake Kills 21  OJIYA, Japan (Reuters) - Thousands of weary and frightened  residents in northern Japan were spending a second night in  shelters, cars or in the open Sunday after Japan's deadliest  earthquake in nine years killed at least 21 people.",World
ag_news_base_0902,SOLBERG STORMS CLEAR OF RIVALS Subaru #39;s Petter Solberg has extended his lead in the Rally Japan to 46.4 seconds after dominating the action on the second morning.,Sports
ag_news_base_0903,"LATEST FUTURES NEWS   2004-12-15 11:01:48 Oil - Brent higher on US cold snap ahead of this afternoon #39;s US inventories LONDON (AFX) - Oil prices were higher in pre-market deals ahead of this afternoon #39;s US weekly inventory data, with winter heating oil",Business
ag_news_base_0904,"Nortel Warns on 2004 Revenue Growth Nortel Networks Corp. warned Thursday that its full-year growth is expected to trail the industry, rather than lead it as the company had predicted as recently as a month ago.",Tech
ag_news_base_0905,"US finishes 1-2 in World Cup downhill Beaver Creek - In an unprecedented result for American men in World Cup skiing, Bode Miller and Daron Rahlves finished first and second in today #39;s World Cup downhill race on Beaver Creek #39;s Birds of Prey course.",Sports
ag_news_base_0906,"Sign on to a new Microsoft standard? Why certainly, we #39;d love ... &lt;b&gt;...&lt;/b&gt; So much for Microsoft #39;s Can-Spam proposal. Now you can add America Online to the growing list of ventures who #39;ve rejected a Microsoft-patent-encumbered and lawsuit-challenged anti-spam standard, Sender ID.",Tech
ag_news_base_0907,Easyjet reports passenger jump UK budget airline Easyjet sees passenger numbers jump by 24 in August compared with the same month last year,Business
ag_news_base_0908,"Research Firms Can #39;t Get Enough Of AAPL While shares of Apple have climbed more than 10 percent this week, reaching 52-week highs, two research firms told investors Friday they continue to remain highly bullish about the stock.",Tech
ag_news_base_0909,Montoya signs off in style Jenson Button #39;s hopes of rounding off the season with the first victory of his formula one career ended in an expensive cloud of smoke here yesterday as his BAR-Honda rolled to a halt with a major engine failure only three laps into the race.,Sports
ag_news_base_0910,"Israel to Pull Forces from Gaza Refugee Camp -Reports  JERUSALEM (Reuters) - Israeli Prime Minister Ariel Sharon  decided on Thursday that Israeli forces could withdraw from a  teeming refugee camp in northern Gaza, media reports said.",World
ag_news_base_0911,"A hunter is hunted down in 800 ATHENS Kelly Holmes has spent more than a decade chasing Maria Mutola. On Monday, when it mattered, she finally caught her. Since her first world title in 1993, Mutola, 31, has been the great predator of women #39;s middle distance running.",Sports
ag_news_base_0912,"Hecht's Adopts Smarter Look  In the cosmetics department at Hecht's in downtown Washington, construction crews have ripped out the traditional glass display cases, replacing them with a system of open shelves stacked high with fragrances from Chanel, Burberry and Armani, now easily within arm's reach of the impulse buyer.",Business
ag_news_base_0913,"Students Take Veggie-Fueled ""BioBus"" on Eco Road Trip Thirteen college students are traveling the U.S. by school bus to promote the use of ""biodiesel,"" fuel made from vegetable oil such as that used in fast food restaurants.",Tech
ag_news_base_0914,"Sony-Led Group Agrees to Buy MGM Film Studio for \$2.9 Billion Sony Corp. and a group of investors said they #39;ve agreed in principle to buy Metro-Goldwyn-Mayer Inc., the movie studio controlled by billionaire Kirk Kerkorian, for \$12 a share, or about \$2.",Business
ag_news_base_0915,"Conoco Looking at Lukoil ConocoPhillips (COP:NYSE - news - research) will seek to buy up to a quarter of Russian oil giant Lukoil, Reuters reported Friday, citing an industry source familiar with the matter.",Business
ag_news_base_0916,"'Astro Boy' Makes Video Game Debut Tetsum Atom is a butt-kicking, pint-sized hero that wants nothing more than peace between humans and robots. More than a half-century after debuting in Japanese comic books, ""Astro Boy"" - as he's known outside of Japan - is starring in two new video games from Sega of America Inc.",Tech
ag_news_base_0917,Russia says 11 missing in Taba explosion Russia said Saturday 11 of its nationals who were staying at a hotel in Egypt that was bombed Thursday are missing. Russia #39;s Itar-Tass news agency quoted a Russian embassy diplomat,World
ag_news_base_0918,"NBA hopeful Liu Wei wins praise from coaches on eve of China showdown (AFP) AFP - China's national team basketball star Liu Wei, aiming to become Asia's first guard to make it in the NBA, is getting high accolades from the coaches of the Sacramento Kings with whom he is trying out.",Sports
ag_news_base_0919,Total eclipse could give moon a seasonable glow The full moon #39;s face may glow like an orangish-red Halloween pumpkin during an 81-minute total lunar eclipse Wednesday evening.,Tech
ag_news_base_0920,"It hurt him to sit out The Streak started without him. In fact, it began while Ted Johnson languished on the injured list, what he described as  quot;a lonely place. quot;",Sports
ag_news_base_0921,Yahoo! Gets Adobe in its Corner Yahoo! (Nasdaq: YHOO) evidently has decided that making a new ally is good way to parry the threat from Google (Nasdaq: GOOG). The company announced yesterday that it is joining,Tech
ag_news_base_0922,Owen on target for Real MADRID: England striker Michael Owen scored in his fourth consecutive game for Real Madrid as the Spanish giants comfortably beat their newly-promoted local rivals Getafe 2-0 yesterday.,Sports
ag_news_base_0923,"Microsoft FAT patent shot down Microsoft has lost the FAT, and it #39;s not part of a slimming down regimen. In a stinging defeat, the United States Patent and Trademark Office (USPTO) has declared Microsoft #39;s File Allocation Table (FAT) file",Tech
ag_news_base_0924,"REGION: UNSC shouldnt take up Iran nuclear issue MOSCOW: Russia is against bringing up Irans nuclear programme at the UN Security Council and thinks the issue should be handled by the bodys nuclear watchdog, a top official said on Wednesday.",World
ag_news_base_0925,China-Japan tensions over mysterious submarine ELEANOR HALL: Diplomatic tensions erupted between China and Japan this week over a mystery submarine in Japanese waters. The Japanese Government had blamed the Chinese for the incursion.,World
ag_news_base_0926,Hokies Ensure Stability Virginia Tech keeps its coaching staff intact by signing its assistants to the longest guaranteed contracts in major college football.,Sports
ag_news_base_0927,Microsoft: The reality behind the image CNET News.com's Charles Cooper explains why the company remains wildly successful despite a string of mediocre product launches.,Tech
ag_news_base_0928,"Dell to build plant in N.C. Dell Inc. said yesterday that it would build its third US manufacturing plant in North Carolina, employing at least 1,500 people within five years. The new facility, scheduled to open in the fall of 2005 at a site to be determined, will produce desktop computers.",Business
ag_news_base_0929,"Q A: OMG member talks up UML 2.0 The Object Management Group (OMG) is in the process of voting on whether to approve Unified Modeling Language (UML) 2.0, the latest version of this specification for model-driven development. InfoWorld Editor at Large Paul Krill talked about the subject with Brian Selic, IBM Distinguished Engineer and co-chairman of the OMG task force on UML 2.0.",Tech
ag_news_base_0930,"Last Call for Investors to Bid on Google  NEW YORK (Reuters) - Time is running out for prospective  investors to submit their offers to buy shares of Google Inc,  the Web's No. 1 search company.",Business
ag_news_base_0931,EMC taps IBM veteran for CTO job EMC Corp. announced Friday the appointment of former IBM fellow Jeffrey Nick to the position of senior vice president and chief technology officer.,Tech
ag_news_base_0932,"Microsoft links PC to phone, to create communication hub That rewrite of the old Microsoft Corp. motto might not fit precisely, but the Redmond company yesterday showed its ever-expanding ambitions with new software that connects the desktop computer to the traditional telephone next to it.",Tech
ag_news_base_0933,"UPDATE 1-Snow says no risk of sharp US slowdown Treasury Secretary John Snow said on Tuesday that, notwithstanding weaker consumer confidence, he did not think the US economy was at risk of a slowdown.",Business
ag_news_base_0934,"Microsoft prefers settlement option On the eve of a crucial hearing in its European antitrust case, Microsoft #39;s chief lawyer still hopes the case can be settled. That #39;s one of several paths that Brad Smith is taking to get Microsoft through",Business
ag_news_base_0935,"Singapore oil chief to face police over \$550m trade losses CHEN JIULIN, the suspended chief executive of China Aviation Oil (CAO) in Singapore, has agreed to face a criminal investigation into the Beijing-backed groups \$550 million (283 million) in derivatives trading losses.",Business
ag_news_base_0936,Singh tops \$10 million with win Singh claimed his ninth win Sunday - the most on the PGA Tour in 54 years - as he cruised to a five-stroke victory at the \$5 million Chrysler Championship.,Sports
ag_news_base_0937,"High-risk danger for Commerce Early in 2002, Commerce Insurance of Webster placed a nearly \$23,000 bet on the gubernatorial candidacy of Democrat Shannon O'Brien.",Business
ag_news_base_0938,"Weather Makes Lawmakers Antsy The Senate Commerce Committee hears testimony on the connection between greenhouse gases and climate changes. Many legislators want to take action, but the best course remains unclear. Michael Grebb reports from Washington.",Tech
ag_news_base_0939,"US 'buys town for terror drills' The US Department of Homeland Security is buying an entire town for anti-terror  training, reports say.",World
ag_news_base_0940,"Jets sign Quincy Carter Quarterback Quincy Carter signed with the New York Jets on Tuesday, three weeks after his surprising release by Dallas. Carter, who started every game for the Cowboys last season, was released Aug. 4, before the team #39;s first exhibition game.",Sports
ag_news_base_0941,"Another Phishing Hole Found in Google Google Inc. said on Thursday it fixed a flaw in its site that could allow outsiders to launch phishing attacks based on Google #39;s familiar interface, and is working on a second fix for another similar vulnerability.",Tech
ag_news_base_0942,"Roddick ousts Henman in Houston Tim Henman, the British No 1, lost his rain-delayed opening match against the world No 2 Andy Roddick at the Masters Cup in Houston this morning.",Sports
ag_news_base_0943,CBA eager to explore China plan COMMONWEALTH Bank has now dipped nearly a whole foot in China #39;s waters after yesterday confirming advanced talks on a new banking deal.,Business
ag_news_base_0944,"EU accuses Microsoft of paternalistic view : Microsoft Corp. today said that small companies and their customers would suffer most if it is forced to remove its digital media software from Windows, while the European Union accused",Business
ag_news_base_0945,France demands release of hostages France #39;s interior minister demanded Sunday the release of two French journalists believed kidnapped by Islamic militants in Iraq.,World
ag_news_base_0946,"Google #39;s index expands and Gmail goes POP In a posting on the company #39;s own blog on Wednesday, Bill Coughran, vice-president of engineering, announced that Google #39;s index now exceeds eight billion pages.",Tech
ag_news_base_0947,"CORRECTED: Tundra Study Backs Longer Oil-Search Season (Reuters) Reuters - Snow is more important than\ice in protecting the delicate tundra from disturbances, a\finding that holds promise for a longer oil-exploration season\in Alaska's rapidly warming Arctic, state officials said on\Friday.",Tech
ag_news_base_0948,"Dollar Under Pressure, Focus on Fed  TOKYO (Reuters) - The dollar crept up on Wednesday,  although it stayed under pressure after the Federal Reserve  raised interest rates as expected but raised doubts about its  next move.  The policy-setting Federal Open Market Committee  raised rates by a quarter percentage point to 1.75 percent,  adding to similar increases in June and August.",Business
ag_news_base_0949,"Sunnis quit Iraq government A MAJOR Sunni political party has quit the interim Iraqi Government in protest over the US assault on the insurgent stronghold of Fallujah, the party #39;s leader said yesterday.",World
ag_news_base_0950,Pakistan and India agree to explore options NEW YORK: Pakistan and India on Friday agreed to explore possible options for a peaceful and negotiated settlement of the issue of Jammu and Kashmir in a sincere spirit and purposeful manner.,World
ag_news_base_0951,"Ban for rare Asian dolphin trade The Convention on International Trade in Endangered Species (Cites) has banned sales of a rare Asian dolphin. Environmentalists say the move is necessary to save the Irrawaddy dolphin, whose numbers are thought to be as low as 1,000 in the wild.",Tech
ag_news_base_0952,"Teams Exercise Patience With big-ticket free agents like Carlos Beltran, Richie Sexson and Carlos Delgado still on the market, baseball executives are playing wait-and-see.",Sports
ag_news_base_0953,We prepared from 2001: Gilchrist Adam Gilchrist punching the air and embracing his teammates after Australia got the last Indian batsman out in the third Test; the Australian players gathering in a huddle made famous by the Indians; Brett Lee calling for the Australian flag from the tour,Sports
ag_news_base_0954,"U.S. Planes Hit Militias as Tanks Near Najaf Shrine  NAJAF, Iraq (Reuters) - U.S. helicopter gunships pounded  Shi'ite militias in the holy Iraqi city of Najaf on Sunday as  tanks rumbled to within 800 meters (yards) of a holy shrine at  the center of a near three-week insurgency.",World
ag_news_base_0955,"Weld plays waiting game The Melbourne Cup is known as  #39;the race that stops a nation #39;, owing to its standing as Australia #39;s most popular horse race.",Sports
ag_news_base_0956,"Stocks Rise; Sprint, Nextel Deal Helps  NEW YORK (Reuters) - U.S. stocks rose on Wednesday as  wireless carrier Sprint Corp.'s &lt;A HREF=""http://www.investor.reuters.com/FullQuote.aspx?ticker=FON.N target=/stocks/quickinfo/fullquote""&gt;FON.N&lt;/A&gt; acquisition of Nextel  Communications Inc. &lt;A HREF=""http://www.investor.reuters.com/FullQuote.aspx?ticker=NXTL.O target=/stocks/quickinfo/fullquote""&gt;NXTL.O&lt;/A&gt; boosted investor hopes for more  mergers.",Business
ag_news_base_0957,"Iran urges EU to honor nuclear deal Akbar Hashemi Rafsanjani, chairman of the powerful Expediency Council of Iran, on Sunday urged European countries to honor a nuclear deal with Tehran, the official IRNA news agency reported.",World
ag_news_base_0958,"Chaos marks Arafat burial Mahmoud Abbas, the new chief of the Palestine Liberation Organization, stood at the door of the Egyptian military helicopter and implored the frenzied crowd to move back.",World
ag_news_base_0959,Chirac Hails Anglo-French  #39;Harmony #39; French President Jacques Chirac today spoke of the true friendship between his country and Britain but again stressed his opposition to the kind of military intervention which started the war in Iraq.,World
ag_news_base_0960,"Russian vow  #39;a threat to everyone #39; Russia #39;s threat to target  quot;terrorists anywhere quot; is a danger to Britain, Europe and the rest of the world, a top Chechen separatist based in the UK has warned.",World
ag_news_base_0961,"EU chief seen as keen to push Oracle merger through BRUSSELS -- The European Commission has confirmed that it wants to reach a decision on Oracle Corp.s hostile bid for PeopleSoft Inc. before the end of October, prompting speculation that it will approve the merger.",Tech
ag_news_base_0962,"Microsoft's Ballmer takes things in stride On a European tour, the CEO weighs in on threats ranging from Linux and EU regulators to music pirates and ""bad people out there in cyberspace.""",Tech
ag_news_base_0963,"Chinese students jailed for running porn sites Beijing, Sept 30. (PTI): A 22-year-old university information technology student and another college student in east China #39;s Zhejiang province have been sentenced by Chinese courts for operating pornographic",Tech
ag_news_base_0964,"Giants make it six in row J.T. Snow singled in the winning run with one out in the ninth to lead the San Francisco Giants to their sixth straight victory, 5-4, over the visiting Montreal Expos last night.",Sports
ag_news_base_0965,"Bad timing for Bibby firing If you weren #39;t convinced Southern California athletic director Mike Garrett was clueless about basketball when he hired Henry Bibby, you probably should have gotten the message when Garrett fired Bibby on Monday.",Sports
ag_news_base_0966,"France Wants Referendum on Turkey #39;s EU Entry French President Jacques Chirac says France will hold a referendum on Turkey #39;s entry to the European Union. Speaking to reporters Friday in Strasbourg, France, Mr.",World
ag_news_base_0967,"Samsung launches tiny memory card for mobiles In a flash, Samsung has unveiled its latest removable storage product, and it #39;s only a quarter of the size of a standard multimedia memory card.",Tech
ag_news_base_0968,"Jones to Buy Barneys in \$400 Million Deal  NEW YORK (Reuters) - Jones Apparel Group Inc. &lt;A HREF=""http://www.investor.reuters.com/FullQuote.aspx?ticker=JNY.N target=/stocks/quickinfo/fullquote""&gt;JNY.N&lt;/A&gt;, a  mid-priced clothing retailer and maker, said on Thursday it was  buying Barneys New York Inc. &lt;A HREF=""http://www.investor.reuters.com/FullQuote.aspx?ticker=BNNY.OB target=/stocks/quickinfo/fullquote""&gt;BNNY.OB&lt;/A&gt; in a deal worth \$400  million as a move to expand into luxury apparel retailing.",Business
ag_news_base_0969,"November Consumer Prices Rise 0.2 Percent  WASHINGTON (Reuters) - U.S. consumer prices rose modestly  in November as a surge in energy costs a month earlier  moderated, the Labor Department said on Friday.",Business
ag_news_base_0970,"Clash of the Tech Titans The Internet's biggest players are preparing for all-out war, adding new weapons to their arsenals in hopes that they can offer the best full suite of digital services to future Net users. &lt;FONT face=""verdana,MS Sans Serif,arial,helvetica"" size=""-2""\ color=""#666666""&gt;&lt;B&gt;-washingtonpost.com&lt;/B&gt;&lt;/FONT&gt;",Tech
ag_news_base_0971,"Iran to Consider EU Nuclear Offer, No Deal Yet (Reuters) Reuters - Iran has not agreed to an offer by the\European Union to receive nuclear technology in exchange for\abandoning its uranium enrichment program, but it will consider\the proposal, an Iranian official said on Thursday.",World
ag_news_base_0972,"Costco Tests Casket Market NEW YORK (Reuters) - From the cradle to the grave. You can buy baby food, groceries, computers, furniture and a whole host of things at Costco -- now you can even find caskets at some of its stores.",Business
ag_news_base_0973,"PayPal Problems Persist for Fifth Day (AP) AP - Despite furious repair efforts, intermittent service outages at the online payment service PayPal continued Tuesday for the fifth consecutive day, affecting payments, log-ins and account creations.",Tech
ag_news_base_0974,"Is the Food Industry the Problem or the Solution? Diet trends aren't just for adults anymore. A new obsession of America's food, beverage and restaurant companies is thwarting childhood obesity.",Business
ag_news_base_0975,British hostage calls home A British UN worker who was kidnapped in Afghanistan by Islamic militants nearly two weeks ago has telephoned her family to say she is still alive.,World
ag_news_base_0976,"Arazi Upsets Schuettler in Lyon Open (AP) AP - Hicham Arazi of Morocco upset defending champion and second-seeded Rainer Schuettler 6-4, 1-6, 6-3 Wednesday in the first round of the  #36;980,000 Lyon Open.",Sports
ag_news_base_0977,"Red Wings re-sign Yzerman Detroit, MI (Sports Network) - The Detroit Red Wings Tuesday re-signed center Steve Yzerman to a one-year contract. Financial terms were not disclosed.",Sports
ag_news_base_0978,"New Sony players modified to play MP3s Sony #39;s new generation of digital music players play both its Atrac format and MP3s, allowing Japan #39;s electronics giant to better compete with Apple #39;s iPod.",Tech
ag_news_base_0979,"Italian transport minister in call to unions over Alitalia crisis (AFP) AFP - Italian Transport Minister Pietro Lunardi urged trade unions to cooperate in efforts to end the crisis at Alitalia, warning that the government had already done all it could.",World
ag_news_base_0980,"US games outfit catches rebranding cold &lt;strong&gt;LogoWatch&lt;/strong&gt; Unpleasant, but not fatal",Tech
ag_news_base_0981,"Samsung announces phone with hard disc drive SEOUL, South KoreaSamsung Electronics Co. Ltd. announced plans to launch the SPH-V5400, a mobile phone that includes a tiny hard disc drive to expand available memory capacity.",Tech
ag_news_base_0982,"Football sites are set The MIAA Football Committee yesterday announced the sites that will host postseason football contests. There will be six doubleheaders Tuesday, Nov. 30 at Curry College",Sports
ag_news_base_0983,"Ivan Hlinka, 54, Czech Coach of Gold Medal Hockey Team, Dies Ivan Hlinka coached the Czech Republic to the hockey gold medal at the 1998 Nagano Olympics and became the coach of the Pittsburgh Penguins two years later.",Sports
ag_news_base_0984,Two More IE Holes Surface Security researchers are warning of another pair of vulnerabilities in Microsoft Corp. #39;s Internet Explorer browser affecting users on fully patched Windows XP Service Pack 2 systems.,Tech
ag_news_base_0985,"Soccer: Del Piero answers critics by steering Italy to narrow win CHISINAU : Italy #39;s 2006 World Cup campaign gathered momentum despite a scrappy 1-0 win away to Group Five rivals Moldova. The Italians, who failed to reach the knockout stages of Euro 2004, should have had",Sports
ag_news_base_0986,"Reuters bets big on Bangalore unit Mr Geert Linnebank, Editor-in-Chief and Global Head of Content, Reuters; Mr Kiran Karnik, President, Nasscom; and Mr N. Dharam Singh, Chief Minister of Karnataka, at the inauguration of Reuters #39; new facility in Bangalore on Thursday.",Business
ag_news_base_0987,Groups Challenge Rules on Pesticides (AP) AP - Environmental groups went to court Thursday against Bush administration rules that allow the use of new pesticides with fewer checks on how they affect endangered species.,Tech
ag_news_base_0988,Investors Are Losing Ground as Insurance Inquiries Expand The disastrous decline in Marsh  amp; McLennan #39;s stock that has followed Eliot Spitzer #39;s lawsuit of last week has injured a broad array of institutional and individual investors.,Business
ag_news_base_0989,"Gene named as Ferrari test driver LONDON, England -- Marc Gene has joined Ferrari as a Formula One test driver, the world champions have revealed. Gene, 30, has been employed in the same role with Williams for the past four years with three",Sports
ag_news_base_0990,"Bush signs extension to R D tax credit The R D tax credit, first passed as a temporary measure in 1981, has been extended 11 times and allows U.S. companies conducting research and development activities to get a tax credit of up to 10 of R D spending.",Tech
ag_news_base_0991,Alonso Next in at Anfield Rafael Benitez #39;s Anfield revolution gathered pace today when the Liverpool manager unveiled one new signing and revealed he was close to completing a deal for another.,Sports
ag_news_base_0992,"Phishers Fake FDIC Web Site Phishers spoofed the Federal Deposit Insurance Corporation #39;s (FDIC) Web site again Thursday and using bogus e-mails, tried to entice consumers to sign up for non-existent service that tracks",Tech
ag_news_base_0993,Colts' Jefferson Ready for First Action (AP) AP - Joseph Jefferson's right knee might never be completely healthy. He can't worry about it now.,Sports
ag_news_base_0994,"Palestinian intelligence chief shot Gunmen ambushed the head of the Palestinian intelligence service in Gaza City today, seriously wounding him in the chest and killing two bodyguards after opening fire on his convoy, Palestinian officials said.",World
ag_news_base_0995,"Nepal's king calls for end to ""cycle of devastation"" (AFP) AFP - Nepal's King Gyanendra called for an end to  quot;the cycle of devastation quot; in a weekend message to a nation reeling from a Maoist revolt.",World
ag_news_base_0996,"Cubs fine Sosa \$87,400 (one day #39;s pay) Chicago slugger Sammy Sosa was fined \$87,400 Wednesday for leaving the ballpark while the Cubs were playing the Atlanta Braves in the season finale.",Sports
ag_news_base_0997,CNN worker kidnapped in Gaza City Armed men have seized an Israeli Arab producer working for the CNN television network from a car in Gaza City after asking for him by name.,World
ag_news_base_0998,UPDATE 1-Bangladesh win toss and field against Windies Bangladesh captain Rajin Saleh won the toss and chose to field in their Champions Trophy Pool B match against West Indies at The Rosebowl in Southampton on Wednesday.,Sports
ag_news_base_0999,"IBM aims for top 10 with new Spanish supercomputer NOVEMBER 05, 2004 (IDG NEWS SERVICE) - IBM and the Spanish Ministry of Education and Science introduced a supercomputer today that they hope will be the most powerful in Europe, and among the 10 most powerful in the world.",Tech
ag_news_base_1000,"Els targets improved putting after Whistling Straits woes LONDON, Aug 18 (Reuters) - Ernie Els has set his sights on an improved putting display at this week #39;s WGC-NEC Invitational in Akron, Ohio after the disappointment of tying for fourth at the US PGA Championship on Sunday.",Sports
